DEB [20251012-16:40:03.813] thr=1   paramiko.transport: starting thread (client mode): 0xadffad0
DEB [20251012-16:40:03.813] thr=1   paramiko.transport: Local version/idstring: SSH-2.0-paramiko_3.5.1
DEB [20251012-16:40:03.843] thr=1   paramiko.transport: Remote version/idstring: SSH-2.0-OpenSSH_8.0
INF [20251012-16:40:03.843] thr=1   paramiko.transport: Connected (version 2.0, client OpenSSH_8.0)
DEB [20251012-16:40:03.852] thr=1   paramiko.transport: === Key exchange possibilities ===
DEB [20251012-16:40:03.852] thr=1   paramiko.transport: kex algos: curve25519-sha256, curve25519-sha256@libssh.org, ecdh-sha2-nistp256, ecdh-sha2-nistp384, ecdh-sha2-nistp521, diffie-hellman-group-exchange-sha256, diffie-hellman-group14-sha256, diffie-hellman-group16-sha512, diffie-hellman-group18-sha512, diffie-hellman-group-exchange-sha1, diffie-hellman-group14-sha1, kex-strict-s-v00@openssh.com
DEB [20251012-16:40:03.852] thr=1   paramiko.transport: server key: rsa-sha2-512, rsa-sha2-256, ssh-rsa, ecdsa-sha2-nistp256, ssh-ed25519
DEB [20251012-16:40:03.853] thr=1   paramiko.transport: client encrypt: aes256-gcm@openssh.com, chacha20-poly1305@openssh.com, aes256-ctr, aes256-cbc, aes128-gcm@openssh.com, aes128-ctr, aes128-cbc
DEB [20251012-16:40:03.853] thr=1   paramiko.transport: server encrypt: aes256-gcm@openssh.com, chacha20-poly1305@openssh.com, aes256-ctr, aes256-cbc, aes128-gcm@openssh.com, aes128-ctr, aes128-cbc
DEB [20251012-16:40:03.853] thr=1   paramiko.transport: client mac: hmac-sha2-256-etm@openssh.com, hmac-sha1-etm@openssh.com, umac-128-etm@openssh.com, hmac-sha2-512-etm@openssh.com, hmac-sha2-256, hmac-sha1, umac-128@openssh.com, hmac-sha2-512
DEB [20251012-16:40:03.853] thr=1   paramiko.transport: server mac: hmac-sha2-256-etm@openssh.com, hmac-sha1-etm@openssh.com, umac-128-etm@openssh.com, hmac-sha2-512-etm@openssh.com, hmac-sha2-256, hmac-sha1, umac-128@openssh.com, hmac-sha2-512
DEB [20251012-16:40:03.853] thr=1   paramiko.transport: client compress: none, zlib@openssh.com
DEB [20251012-16:40:03.853] thr=1   paramiko.transport: server compress: none, zlib@openssh.com
DEB [20251012-16:40:03.853] thr=1   paramiko.transport: client lang: <none>
DEB [20251012-16:40:03.853] thr=1   paramiko.transport: server lang: <none>
DEB [20251012-16:40:03.853] thr=1   paramiko.transport: kex follows: False
DEB [20251012-16:40:03.853] thr=1   paramiko.transport: === Key exchange agreements ===
DEB [20251012-16:40:03.853] thr=1   paramiko.transport: Strict kex mode: True
DEB [20251012-16:40:03.853] thr=1   paramiko.transport: Kex: curve25519-sha256@libssh.org
DEB [20251012-16:40:03.853] thr=1   paramiko.transport: HostKey: ssh-ed25519
DEB [20251012-16:40:03.853] thr=1   paramiko.transport: Cipher: aes128-ctr
DEB [20251012-16:40:03.853] thr=1   paramiko.transport: MAC: hmac-sha2-256
DEB [20251012-16:40:03.853] thr=1   paramiko.transport: Compression: none
DEB [20251012-16:40:03.853] thr=1   paramiko.transport: === End of kex handshake ===
DEB [20251012-16:40:03.912] thr=1   paramiko.transport: Resetting outbound seqno after NEWKEYS due to strict mode
DEB [20251012-16:40:03.912] thr=1   paramiko.transport: kex engine KexCurve25519 specified hash_algo <built-in function openssl_sha256>
DEB [20251012-16:40:03.913] thr=1   paramiko.transport: Switch to new keys ...
DEB [20251012-16:40:03.913] thr=1   paramiko.transport: Resetting inbound seqno after NEWKEYS due to strict mode
DEB [20251012-16:40:03.913] thr=2   paramiko.transport: Adding ssh-ed25519 host key for 10.0.4.177: b'7a45ccbb011a7d9de42e94537644aabb'
DEB [20251012-16:40:03.913] thr=1   paramiko.transport: Got EXT_INFO: {'server-sig-algs': b'ssh-ed25519,ssh-rsa,rsa-sha2-256,rsa-sha2-512,ssh-dss,ecdsa-sha2-nistp256,ecdsa-sha2-nistp384,ecdsa-sha2-nistp521'}
DEB [20251012-16:40:04.242] thr=2   paramiko.transport: Trying discovered key b'4221e41496799c44ac811d2252252cb9' in .ssh/rke2_cluster_key
DEB [20251012-16:40:04.246] thr=1   paramiko.transport: userauth is OK
DEB [20251012-16:40:04.246] thr=1   paramiko.transport: Finalizing pubkey algorithm for key of type 'ssh-rsa'
DEB [20251012-16:40:04.246] thr=1   paramiko.transport: Our pubkey algorithm list: ['rsa-sha2-512', 'rsa-sha2-256', 'ssh-rsa']
DEB [20251012-16:40:04.246] thr=1   paramiko.transport: Server-side algorithm list: ['ssh-ed25519', 'ssh-rsa', 'rsa-sha2-256', 'rsa-sha2-512', 'ssh-dss', 'ecdsa-sha2-nistp256', 'ecdsa-sha2-nistp384', 'ecdsa-sha2-nistp521']
DEB [20251012-16:40:04.246] thr=1   paramiko.transport: Agreed upon 'rsa-sha2-512' pubkey algorithm
INF [20251012-16:40:04.273] thr=1   paramiko.transport: Authentication (publickey) failed.
DEB [20251012-16:40:04.274] thr=2   paramiko.transport: Trying SSH agent key b'f58c6ee5613c71743dff9650f1b654e2'
DEB [20251012-16:40:04.278] thr=1   paramiko.transport: userauth is OK
INF [20251012-16:40:04.289] thr=1   paramiko.transport: Authentication (publickey) failed.
DEB [20251012-16:40:04.293] thr=3   paramiko.transport: starting thread (client mode): 0xadb2150
DEB [20251012-16:40:04.293] thr=3   paramiko.transport: Local version/idstring: SSH-2.0-paramiko_3.5.1
DEB [20251012-16:40:04.321] thr=3   paramiko.transport: Remote version/idstring: SSH-2.0-OpenSSH_8.0
INF [20251012-16:40:04.321] thr=3   paramiko.transport: Connected (version 2.0, client OpenSSH_8.0)
DEB [20251012-16:40:04.326] thr=3   paramiko.transport: === Key exchange possibilities ===
DEB [20251012-16:40:04.326] thr=3   paramiko.transport: kex algos: curve25519-sha256, curve25519-sha256@libssh.org, ecdh-sha2-nistp256, ecdh-sha2-nistp384, ecdh-sha2-nistp521, diffie-hellman-group-exchange-sha256, diffie-hellman-group14-sha256, diffie-hellman-group16-sha512, diffie-hellman-group18-sha512, diffie-hellman-group-exchange-sha1, diffie-hellman-group14-sha1, kex-strict-s-v00@openssh.com
DEB [20251012-16:40:04.326] thr=3   paramiko.transport: server key: rsa-sha2-512, rsa-sha2-256, ssh-rsa, ecdsa-sha2-nistp256, ssh-ed25519
DEB [20251012-16:40:04.326] thr=3   paramiko.transport: client encrypt: aes256-gcm@openssh.com, chacha20-poly1305@openssh.com, aes256-ctr, aes256-cbc, aes128-gcm@openssh.com, aes128-ctr, aes128-cbc
DEB [20251012-16:40:04.326] thr=3   paramiko.transport: server encrypt: aes256-gcm@openssh.com, chacha20-poly1305@openssh.com, aes256-ctr, aes256-cbc, aes128-gcm@openssh.com, aes128-ctr, aes128-cbc
DEB [20251012-16:40:04.326] thr=3   paramiko.transport: client mac: hmac-sha2-256-etm@openssh.com, hmac-sha1-etm@openssh.com, umac-128-etm@openssh.com, hmac-sha2-512-etm@openssh.com, hmac-sha2-256, hmac-sha1, umac-128@openssh.com, hmac-sha2-512
DEB [20251012-16:40:04.326] thr=3   paramiko.transport: server mac: hmac-sha2-256-etm@openssh.com, hmac-sha1-etm@openssh.com, umac-128-etm@openssh.com, hmac-sha2-512-etm@openssh.com, hmac-sha2-256, hmac-sha1, umac-128@openssh.com, hmac-sha2-512
DEB [20251012-16:40:04.326] thr=3   paramiko.transport: client compress: none, zlib@openssh.com
DEB [20251012-16:40:04.326] thr=3   paramiko.transport: server compress: none, zlib@openssh.com
DEB [20251012-16:40:04.326] thr=3   paramiko.transport: client lang: <none>
DEB [20251012-16:40:04.326] thr=3   paramiko.transport: server lang: <none>
DEB [20251012-16:40:04.326] thr=3   paramiko.transport: kex follows: False
DEB [20251012-16:40:04.326] thr=3   paramiko.transport: === Key exchange agreements ===
DEB [20251012-16:40:04.326] thr=3   paramiko.transport: Strict kex mode: True
DEB [20251012-16:40:04.326] thr=3   paramiko.transport: Kex: curve25519-sha256@libssh.org
DEB [20251012-16:40:04.326] thr=3   paramiko.transport: HostKey: ssh-ed25519
DEB [20251012-16:40:04.326] thr=3   paramiko.transport: Cipher: aes128-ctr
DEB [20251012-16:40:04.326] thr=3   paramiko.transport: MAC: hmac-sha2-256
DEB [20251012-16:40:04.327] thr=3   paramiko.transport: Compression: none
DEB [20251012-16:40:04.327] thr=3   paramiko.transport: === End of kex handshake ===
DEB [20251012-16:40:04.345] thr=3   paramiko.transport: Resetting outbound seqno after NEWKEYS due to strict mode
DEB [20251012-16:40:04.345] thr=3   paramiko.transport: kex engine KexCurve25519 specified hash_algo <built-in function openssl_sha256>
DEB [20251012-16:40:04.345] thr=3   paramiko.transport: Switch to new keys ...
DEB [20251012-16:40:04.345] thr=3   paramiko.transport: Resetting inbound seqno after NEWKEYS due to strict mode
DEB [20251012-16:40:04.345] thr=2   paramiko.transport: Adding ssh-ed25519 host key for 10.0.4.10: b'10ca4a3c95856e287b0595772507a843'
DEB [20251012-16:40:04.345] thr=3   paramiko.transport: Got EXT_INFO: {'server-sig-algs': b'ssh-ed25519,ssh-rsa,rsa-sha2-256,rsa-sha2-512,ssh-dss,ecdsa-sha2-nistp256,ecdsa-sha2-nistp384,ecdsa-sha2-nistp521'}
DEB [20251012-16:40:04.672] thr=1   paramiko.transport: EOF in transport thread
DEB [20251012-16:40:04.672] thr=2   paramiko.transport: Trying discovered key b'4221e41496799c44ac811d2252252cb9' in .ssh/rke2_cluster_key
DEB [20251012-16:40:04.675] thr=3   paramiko.transport: userauth is OK
DEB [20251012-16:40:04.676] thr=3   paramiko.transport: Finalizing pubkey algorithm for key of type 'ssh-rsa'
DEB [20251012-16:40:04.676] thr=3   paramiko.transport: Our pubkey algorithm list: ['rsa-sha2-512', 'rsa-sha2-256', 'ssh-rsa']
DEB [20251012-16:40:04.676] thr=3   paramiko.transport: Server-side algorithm list: ['ssh-ed25519', 'ssh-rsa', 'rsa-sha2-256', 'rsa-sha2-512', 'ssh-dss', 'ecdsa-sha2-nistp256', 'ecdsa-sha2-nistp384', 'ecdsa-sha2-nistp521']
DEB [20251012-16:40:04.676] thr=3   paramiko.transport: Agreed upon 'rsa-sha2-512' pubkey algorithm
INF [20251012-16:40:04.698] thr=3   paramiko.transport: Authentication (publickey) failed.
DEB [20251012-16:40:04.699] thr=2   paramiko.transport: Trying SSH agent key b'f58c6ee5613c71743dff9650f1b654e2'
DEB [20251012-16:40:04.702] thr=3   paramiko.transport: userauth is OK
INF [20251012-16:40:04.716] thr=3   paramiko.transport: Authentication (publickey) failed.
DEB [20251012-16:42:50.630] thr=1   paramiko.transport: starting thread (client mode): 0xa202ae0
DEB [20251012-16:42:50.630] thr=1   paramiko.transport: Local version/idstring: SSH-2.0-paramiko_3.5.1
DEB [20251012-16:42:50.655] thr=1   paramiko.transport: Remote version/idstring: SSH-2.0-OpenSSH_8.0
INF [20251012-16:42:50.655] thr=1   paramiko.transport: Connected (version 2.0, client OpenSSH_8.0)
DEB [20251012-16:42:50.659] thr=1   paramiko.transport: === Key exchange possibilities ===
DEB [20251012-16:42:50.659] thr=1   paramiko.transport: kex algos: curve25519-sha256, curve25519-sha256@libssh.org, ecdh-sha2-nistp256, ecdh-sha2-nistp384, ecdh-sha2-nistp521, diffie-hellman-group-exchange-sha256, diffie-hellman-group14-sha256, diffie-hellman-group16-sha512, diffie-hellman-group18-sha512, diffie-hellman-group-exchange-sha1, diffie-hellman-group14-sha1, kex-strict-s-v00@openssh.com
DEB [20251012-16:42:50.659] thr=1   paramiko.transport: server key: rsa-sha2-512, rsa-sha2-256, ssh-rsa, ecdsa-sha2-nistp256, ssh-ed25519
DEB [20251012-16:42:50.659] thr=1   paramiko.transport: client encrypt: aes256-gcm@openssh.com, chacha20-poly1305@openssh.com, aes256-ctr, aes256-cbc, aes128-gcm@openssh.com, aes128-ctr, aes128-cbc
DEB [20251012-16:42:50.659] thr=1   paramiko.transport: server encrypt: aes256-gcm@openssh.com, chacha20-poly1305@openssh.com, aes256-ctr, aes256-cbc, aes128-gcm@openssh.com, aes128-ctr, aes128-cbc
DEB [20251012-16:42:50.659] thr=1   paramiko.transport: client mac: hmac-sha2-256-etm@openssh.com, hmac-sha1-etm@openssh.com, umac-128-etm@openssh.com, hmac-sha2-512-etm@openssh.com, hmac-sha2-256, hmac-sha1, umac-128@openssh.com, hmac-sha2-512
DEB [20251012-16:42:50.659] thr=1   paramiko.transport: server mac: hmac-sha2-256-etm@openssh.com, hmac-sha1-etm@openssh.com, umac-128-etm@openssh.com, hmac-sha2-512-etm@openssh.com, hmac-sha2-256, hmac-sha1, umac-128@openssh.com, hmac-sha2-512
DEB [20251012-16:42:50.659] thr=1   paramiko.transport: client compress: none, zlib@openssh.com
DEB [20251012-16:42:50.659] thr=1   paramiko.transport: server compress: none, zlib@openssh.com
DEB [20251012-16:42:50.660] thr=1   paramiko.transport: client lang: <none>
DEB [20251012-16:42:50.660] thr=1   paramiko.transport: server lang: <none>
DEB [20251012-16:42:50.660] thr=1   paramiko.transport: kex follows: False
DEB [20251012-16:42:50.660] thr=1   paramiko.transport: === Key exchange agreements ===
DEB [20251012-16:42:50.660] thr=1   paramiko.transport: Strict kex mode: True
DEB [20251012-16:42:50.660] thr=1   paramiko.transport: Kex: curve25519-sha256@libssh.org
DEB [20251012-16:42:50.660] thr=1   paramiko.transport: HostKey: ssh-ed25519
DEB [20251012-16:42:50.660] thr=1   paramiko.transport: Cipher: aes128-ctr
DEB [20251012-16:42:50.660] thr=1   paramiko.transport: MAC: hmac-sha2-256
DEB [20251012-16:42:50.660] thr=1   paramiko.transport: Compression: none
DEB [20251012-16:42:50.660] thr=1   paramiko.transport: === End of kex handshake ===
DEB [20251012-16:42:50.719] thr=1   paramiko.transport: Resetting outbound seqno after NEWKEYS due to strict mode
DEB [20251012-16:42:50.719] thr=1   paramiko.transport: kex engine KexCurve25519 specified hash_algo <built-in function openssl_sha256>
DEB [20251012-16:42:50.720] thr=1   paramiko.transport: Switch to new keys ...
DEB [20251012-16:42:50.720] thr=1   paramiko.transport: Resetting inbound seqno after NEWKEYS due to strict mode
DEB [20251012-16:42:50.720] thr=1   paramiko.transport: Got EXT_INFO: {'server-sig-algs': b'ssh-ed25519,ssh-rsa,rsa-sha2-256,rsa-sha2-512,ssh-dss,ecdsa-sha2-nistp256,ecdsa-sha2-nistp384,ecdsa-sha2-nistp521'}
DEB [20251012-16:42:50.721] thr=2   paramiko.transport: Adding ssh-ed25519 host key for 10.0.4.177: b'7a45ccbb011a7d9de42e94537644aabb'
DEB [20251012-16:42:50.758] thr=3   paramiko.transport: starting thread (client mode): 0xa27dfd0
DEB [20251012-16:42:50.758] thr=3   paramiko.transport: Local version/idstring: SSH-2.0-paramiko_3.5.1
DEB [20251012-16:42:50.786] thr=3   paramiko.transport: Remote version/idstring: SSH-2.0-OpenSSH_8.0
INF [20251012-16:42:50.786] thr=3   paramiko.transport: Connected (version 2.0, client OpenSSH_8.0)
DEB [20251012-16:42:50.793] thr=3   paramiko.transport: === Key exchange possibilities ===
DEB [20251012-16:42:50.793] thr=3   paramiko.transport: kex algos: curve25519-sha256, curve25519-sha256@libssh.org, ecdh-sha2-nistp256, ecdh-sha2-nistp384, ecdh-sha2-nistp521, diffie-hellman-group-exchange-sha256, diffie-hellman-group14-sha256, diffie-hellman-group16-sha512, diffie-hellman-group18-sha512, diffie-hellman-group-exchange-sha1, diffie-hellman-group14-sha1, kex-strict-s-v00@openssh.com
DEB [20251012-16:42:50.793] thr=3   paramiko.transport: server key: rsa-sha2-512, rsa-sha2-256, ssh-rsa, ecdsa-sha2-nistp256, ssh-ed25519
DEB [20251012-16:42:50.793] thr=3   paramiko.transport: client encrypt: aes256-gcm@openssh.com, chacha20-poly1305@openssh.com, aes256-ctr, aes256-cbc, aes128-gcm@openssh.com, aes128-ctr, aes128-cbc
DEB [20251012-16:42:50.793] thr=3   paramiko.transport: server encrypt: aes256-gcm@openssh.com, chacha20-poly1305@openssh.com, aes256-ctr, aes256-cbc, aes128-gcm@openssh.com, aes128-ctr, aes128-cbc
DEB [20251012-16:42:50.793] thr=3   paramiko.transport: client mac: hmac-sha2-256-etm@openssh.com, hmac-sha1-etm@openssh.com, umac-128-etm@openssh.com, hmac-sha2-512-etm@openssh.com, hmac-sha2-256, hmac-sha1, umac-128@openssh.com, hmac-sha2-512
DEB [20251012-16:42:50.793] thr=3   paramiko.transport: server mac: hmac-sha2-256-etm@openssh.com, hmac-sha1-etm@openssh.com, umac-128-etm@openssh.com, hmac-sha2-512-etm@openssh.com, hmac-sha2-256, hmac-sha1, umac-128@openssh.com, hmac-sha2-512
DEB [20251012-16:42:50.793] thr=3   paramiko.transport: client compress: none, zlib@openssh.com
DEB [20251012-16:42:50.793] thr=3   paramiko.transport: server compress: none, zlib@openssh.com
DEB [20251012-16:42:50.793] thr=3   paramiko.transport: client lang: <none>
DEB [20251012-16:42:50.793] thr=3   paramiko.transport: server lang: <none>
DEB [20251012-16:42:50.793] thr=3   paramiko.transport: kex follows: False
DEB [20251012-16:42:50.793] thr=3   paramiko.transport: === Key exchange agreements ===
DEB [20251012-16:42:50.793] thr=3   paramiko.transport: Strict kex mode: True
DEB [20251012-16:42:50.793] thr=3   paramiko.transport: Kex: curve25519-sha256@libssh.org
DEB [20251012-16:42:50.793] thr=3   paramiko.transport: HostKey: ssh-ed25519
DEB [20251012-16:42:50.793] thr=3   paramiko.transport: Cipher: aes128-ctr
DEB [20251012-16:42:50.793] thr=3   paramiko.transport: MAC: hmac-sha2-256
DEB [20251012-16:42:50.793] thr=3   paramiko.transport: Compression: none
DEB [20251012-16:42:50.793] thr=3   paramiko.transport: === End of kex handshake ===
DEB [20251012-16:42:50.811] thr=3   paramiko.transport: Resetting outbound seqno after NEWKEYS due to strict mode
DEB [20251012-16:42:50.811] thr=3   paramiko.transport: kex engine KexCurve25519 specified hash_algo <built-in function openssl_sha256>
DEB [20251012-16:42:50.811] thr=3   paramiko.transport: Switch to new keys ...
DEB [20251012-16:42:50.811] thr=3   paramiko.transport: Resetting inbound seqno after NEWKEYS due to strict mode
DEB [20251012-16:42:50.811] thr=3   paramiko.transport: Got EXT_INFO: {'server-sig-algs': b'ssh-ed25519,ssh-rsa,rsa-sha2-256,rsa-sha2-512,ssh-dss,ecdsa-sha2-nistp256,ecdsa-sha2-nistp384,ecdsa-sha2-nistp521'}
DEB [20251012-16:42:50.812] thr=2   paramiko.transport: Adding ssh-ed25519 host key for 10.0.4.10: b'10ca4a3c95856e287b0595772507a843'
DEB [20251012-16:46:14.132] thr=1   paramiko.transport: starting thread (client mode): 0x6190a40
DEB [20251012-16:46:14.133] thr=1   paramiko.transport: Local version/idstring: SSH-2.0-paramiko_3.5.1
DEB [20251012-16:46:14.158] thr=1   paramiko.transport: Remote version/idstring: SSH-2.0-OpenSSH_8.0
INF [20251012-16:46:14.158] thr=1   paramiko.transport: Connected (version 2.0, client OpenSSH_8.0)
DEB [20251012-16:46:14.165] thr=1   paramiko.transport: === Key exchange possibilities ===
DEB [20251012-16:46:14.165] thr=1   paramiko.transport: kex algos: curve25519-sha256, curve25519-sha256@libssh.org, ecdh-sha2-nistp256, ecdh-sha2-nistp384, ecdh-sha2-nistp521, diffie-hellman-group-exchange-sha256, diffie-hellman-group14-sha256, diffie-hellman-group16-sha512, diffie-hellman-group18-sha512, diffie-hellman-group-exchange-sha1, diffie-hellman-group14-sha1, kex-strict-s-v00@openssh.com
DEB [20251012-16:46:14.165] thr=1   paramiko.transport: server key: rsa-sha2-512, rsa-sha2-256, ssh-rsa, ecdsa-sha2-nistp256, ssh-ed25519
DEB [20251012-16:46:14.165] thr=1   paramiko.transport: client encrypt: aes256-gcm@openssh.com, chacha20-poly1305@openssh.com, aes256-ctr, aes256-cbc, aes128-gcm@openssh.com, aes128-ctr, aes128-cbc
DEB [20251012-16:46:14.165] thr=1   paramiko.transport: server encrypt: aes256-gcm@openssh.com, chacha20-poly1305@openssh.com, aes256-ctr, aes256-cbc, aes128-gcm@openssh.com, aes128-ctr, aes128-cbc
DEB [20251012-16:46:14.165] thr=1   paramiko.transport: client mac: hmac-sha2-256-etm@openssh.com, hmac-sha1-etm@openssh.com, umac-128-etm@openssh.com, hmac-sha2-512-etm@openssh.com, hmac-sha2-256, hmac-sha1, umac-128@openssh.com, hmac-sha2-512
DEB [20251012-16:46:14.165] thr=1   paramiko.transport: server mac: hmac-sha2-256-etm@openssh.com, hmac-sha1-etm@openssh.com, umac-128-etm@openssh.com, hmac-sha2-512-etm@openssh.com, hmac-sha2-256, hmac-sha1, umac-128@openssh.com, hmac-sha2-512
DEB [20251012-16:46:14.165] thr=1   paramiko.transport: client compress: none, zlib@openssh.com
DEB [20251012-16:46:14.165] thr=1   paramiko.transport: server compress: none, zlib@openssh.com
DEB [20251012-16:46:14.165] thr=1   paramiko.transport: client lang: <none>
DEB [20251012-16:46:14.165] thr=1   paramiko.transport: server lang: <none>
DEB [20251012-16:46:14.165] thr=1   paramiko.transport: kex follows: False
DEB [20251012-16:46:14.165] thr=1   paramiko.transport: === Key exchange agreements ===
DEB [20251012-16:46:14.165] thr=1   paramiko.transport: Strict kex mode: True
DEB [20251012-16:46:14.165] thr=1   paramiko.transport: Kex: curve25519-sha256@libssh.org
DEB [20251012-16:46:14.165] thr=1   paramiko.transport: HostKey: ssh-ed25519
DEB [20251012-16:46:14.165] thr=1   paramiko.transport: Cipher: aes128-ctr
DEB [20251012-16:46:14.165] thr=1   paramiko.transport: MAC: hmac-sha2-256
DEB [20251012-16:46:14.165] thr=1   paramiko.transport: Compression: none
DEB [20251012-16:46:14.165] thr=1   paramiko.transport: === End of kex handshake ===
DEB [20251012-16:46:14.186] thr=1   paramiko.transport: Resetting outbound seqno after NEWKEYS due to strict mode
DEB [20251012-16:46:14.186] thr=1   paramiko.transport: kex engine KexCurve25519 specified hash_algo <built-in function openssl_sha256>
DEB [20251012-16:46:14.186] thr=1   paramiko.transport: Switch to new keys ...
DEB [20251012-16:46:14.187] thr=1   paramiko.transport: Resetting inbound seqno after NEWKEYS due to strict mode
DEB [20251012-16:46:14.187] thr=2   paramiko.transport: Adding ssh-ed25519 host key for 10.0.4.177: b'7a45ccbb011a7d9de42e94537644aabb'
DEB [20251012-16:46:14.187] thr=1   paramiko.transport: Got EXT_INFO: {'server-sig-algs': b'ssh-ed25519,ssh-rsa,rsa-sha2-256,rsa-sha2-512,ssh-dss,ecdsa-sha2-nistp256,ecdsa-sha2-nistp384,ecdsa-sha2-nistp521'}
DEB [20251012-16:46:14.192] thr=3   paramiko.transport: starting thread (client mode): 0x6281ee0
DEB [20251012-16:46:14.192] thr=3   paramiko.transport: Local version/idstring: SSH-2.0-paramiko_3.5.1
DEB [20251012-16:46:14.219] thr=3   paramiko.transport: Remote version/idstring: SSH-2.0-OpenSSH_8.0
INF [20251012-16:46:14.219] thr=3   paramiko.transport: Connected (version 2.0, client OpenSSH_8.0)
DEB [20251012-16:46:14.226] thr=3   paramiko.transport: === Key exchange possibilities ===
DEB [20251012-16:46:14.227] thr=3   paramiko.transport: kex algos: curve25519-sha256, curve25519-sha256@libssh.org, ecdh-sha2-nistp256, ecdh-sha2-nistp384, ecdh-sha2-nistp521, diffie-hellman-group-exchange-sha256, diffie-hellman-group14-sha256, diffie-hellman-group16-sha512, diffie-hellman-group18-sha512, diffie-hellman-group-exchange-sha1, diffie-hellman-group14-sha1, kex-strict-s-v00@openssh.com
DEB [20251012-16:46:14.227] thr=3   paramiko.transport: server key: rsa-sha2-512, rsa-sha2-256, ssh-rsa, ecdsa-sha2-nistp256, ssh-ed25519
DEB [20251012-16:46:14.227] thr=3   paramiko.transport: client encrypt: aes256-gcm@openssh.com, chacha20-poly1305@openssh.com, aes256-ctr, aes256-cbc, aes128-gcm@openssh.com, aes128-ctr, aes128-cbc
DEB [20251012-16:46:14.227] thr=3   paramiko.transport: server encrypt: aes256-gcm@openssh.com, chacha20-poly1305@openssh.com, aes256-ctr, aes256-cbc, aes128-gcm@openssh.com, aes128-ctr, aes128-cbc
DEB [20251012-16:46:14.227] thr=3   paramiko.transport: client mac: hmac-sha2-256-etm@openssh.com, hmac-sha1-etm@openssh.com, umac-128-etm@openssh.com, hmac-sha2-512-etm@openssh.com, hmac-sha2-256, hmac-sha1, umac-128@openssh.com, hmac-sha2-512
DEB [20251012-16:46:14.227] thr=3   paramiko.transport: server mac: hmac-sha2-256-etm@openssh.com, hmac-sha1-etm@openssh.com, umac-128-etm@openssh.com, hmac-sha2-512-etm@openssh.com, hmac-sha2-256, hmac-sha1, umac-128@openssh.com, hmac-sha2-512
DEB [20251012-16:46:14.227] thr=3   paramiko.transport: client compress: none, zlib@openssh.com
DEB [20251012-16:46:14.227] thr=3   paramiko.transport: server compress: none, zlib@openssh.com
DEB [20251012-16:46:14.227] thr=3   paramiko.transport: client lang: <none>
DEB [20251012-16:46:14.227] thr=3   paramiko.transport: server lang: <none>
DEB [20251012-16:46:14.227] thr=3   paramiko.transport: kex follows: False
DEB [20251012-16:46:14.227] thr=3   paramiko.transport: === Key exchange agreements ===
DEB [20251012-16:46:14.227] thr=3   paramiko.transport: Strict kex mode: True
DEB [20251012-16:46:14.227] thr=3   paramiko.transport: Kex: curve25519-sha256@libssh.org
DEB [20251012-16:46:14.227] thr=3   paramiko.transport: HostKey: ssh-ed25519
DEB [20251012-16:46:14.227] thr=3   paramiko.transport: Cipher: aes128-ctr
DEB [20251012-16:46:14.227] thr=3   paramiko.transport: MAC: hmac-sha2-256
DEB [20251012-16:46:14.227] thr=3   paramiko.transport: Compression: none
DEB [20251012-16:46:14.227] thr=3   paramiko.transport: === End of kex handshake ===
DEB [20251012-16:46:14.251] thr=3   paramiko.transport: Resetting outbound seqno after NEWKEYS due to strict mode
DEB [20251012-16:46:14.251] thr=3   paramiko.transport: kex engine KexCurve25519 specified hash_algo <built-in function openssl_sha256>
DEB [20251012-16:46:14.252] thr=3   paramiko.transport: Switch to new keys ...
DEB [20251012-16:46:14.252] thr=3   paramiko.transport: Resetting inbound seqno after NEWKEYS due to strict mode
DEB [20251012-16:46:14.252] thr=3   paramiko.transport: Got EXT_INFO: {'server-sig-algs': b'ssh-ed25519,ssh-rsa,rsa-sha2-256,rsa-sha2-512,ssh-dss,ecdsa-sha2-nistp256,ecdsa-sha2-nistp384,ecdsa-sha2-nistp521'}
DEB [20251012-16:46:14.260] thr=2   paramiko.transport: Adding ssh-ed25519 host key for 10.0.4.10: b'10ca4a3c95856e287b0595772507a843'
DEB [20251012-16:46:28.542] thr=1   paramiko.transport: starting thread (client mode): 0x843b950
DEB [20251012-16:46:28.543] thr=1   paramiko.transport: Local version/idstring: SSH-2.0-paramiko_3.5.1
DEB [20251012-16:46:28.568] thr=1   paramiko.transport: Remote version/idstring: SSH-2.0-OpenSSH_8.0
INF [20251012-16:46:28.568] thr=1   paramiko.transport: Connected (version 2.0, client OpenSSH_8.0)
DEB [20251012-16:46:28.571] thr=1   paramiko.transport: === Key exchange possibilities ===
DEB [20251012-16:46:28.571] thr=1   paramiko.transport: kex algos: curve25519-sha256, curve25519-sha256@libssh.org, ecdh-sha2-nistp256, ecdh-sha2-nistp384, ecdh-sha2-nistp521, diffie-hellman-group-exchange-sha256, diffie-hellman-group14-sha256, diffie-hellman-group16-sha512, diffie-hellman-group18-sha512, diffie-hellman-group-exchange-sha1, diffie-hellman-group14-sha1, kex-strict-s-v00@openssh.com
DEB [20251012-16:46:28.571] thr=1   paramiko.transport: server key: rsa-sha2-512, rsa-sha2-256, ssh-rsa, ecdsa-sha2-nistp256, ssh-ed25519
DEB [20251012-16:46:28.571] thr=1   paramiko.transport: client encrypt: aes256-gcm@openssh.com, chacha20-poly1305@openssh.com, aes256-ctr, aes256-cbc, aes128-gcm@openssh.com, aes128-ctr, aes128-cbc
DEB [20251012-16:46:28.571] thr=1   paramiko.transport: server encrypt: aes256-gcm@openssh.com, chacha20-poly1305@openssh.com, aes256-ctr, aes256-cbc, aes128-gcm@openssh.com, aes128-ctr, aes128-cbc
DEB [20251012-16:46:28.571] thr=1   paramiko.transport: client mac: hmac-sha2-256-etm@openssh.com, hmac-sha1-etm@openssh.com, umac-128-etm@openssh.com, hmac-sha2-512-etm@openssh.com, hmac-sha2-256, hmac-sha1, umac-128@openssh.com, hmac-sha2-512
DEB [20251012-16:46:28.571] thr=1   paramiko.transport: server mac: hmac-sha2-256-etm@openssh.com, hmac-sha1-etm@openssh.com, umac-128-etm@openssh.com, hmac-sha2-512-etm@openssh.com, hmac-sha2-256, hmac-sha1, umac-128@openssh.com, hmac-sha2-512
DEB [20251012-16:46:28.571] thr=1   paramiko.transport: client compress: none, zlib@openssh.com
DEB [20251012-16:46:28.571] thr=1   paramiko.transport: server compress: none, zlib@openssh.com
DEB [20251012-16:46:28.571] thr=1   paramiko.transport: client lang: <none>
DEB [20251012-16:46:28.571] thr=1   paramiko.transport: server lang: <none>
DEB [20251012-16:46:28.571] thr=1   paramiko.transport: kex follows: False
DEB [20251012-16:46:28.571] thr=1   paramiko.transport: === Key exchange agreements ===
DEB [20251012-16:46:28.571] thr=1   paramiko.transport: Strict kex mode: True
DEB [20251012-16:46:28.571] thr=1   paramiko.transport: Kex: curve25519-sha256@libssh.org
DEB [20251012-16:46:28.571] thr=1   paramiko.transport: HostKey: ssh-ed25519
DEB [20251012-16:46:28.571] thr=1   paramiko.transport: Cipher: aes128-ctr
DEB [20251012-16:46:28.571] thr=1   paramiko.transport: MAC: hmac-sha2-256
DEB [20251012-16:46:28.571] thr=1   paramiko.transport: Compression: none
DEB [20251012-16:46:28.571] thr=1   paramiko.transport: === End of kex handshake ===
DEB [20251012-16:46:28.630] thr=1   paramiko.transport: Resetting outbound seqno after NEWKEYS due to strict mode
DEB [20251012-16:46:28.631] thr=1   paramiko.transport: kex engine KexCurve25519 specified hash_algo <built-in function openssl_sha256>
DEB [20251012-16:46:28.631] thr=1   paramiko.transport: Switch to new keys ...
DEB [20251012-16:46:28.631] thr=1   paramiko.transport: Resetting inbound seqno after NEWKEYS due to strict mode
DEB [20251012-16:46:28.631] thr=2   paramiko.transport: Adding ssh-ed25519 host key for 10.0.4.177: b'7a45ccbb011a7d9de42e94537644aabb'
DEB [20251012-16:46:28.631] thr=1   paramiko.transport: Got EXT_INFO: {'server-sig-algs': b'ssh-ed25519,ssh-rsa,rsa-sha2-256,rsa-sha2-512,ssh-dss,ecdsa-sha2-nistp256,ecdsa-sha2-nistp384,ecdsa-sha2-nistp521'}
DEB [20251012-16:46:28.959] thr=2   paramiko.transport: Trying discovered key b'4221e41496799c44ac811d2252252cb9' in .ssh/rke2_cluster_key
DEB [20251012-16:46:28.966] thr=1   paramiko.transport: userauth is OK
DEB [20251012-16:46:28.966] thr=1   paramiko.transport: Finalizing pubkey algorithm for key of type 'ssh-rsa'
DEB [20251012-16:46:28.966] thr=1   paramiko.transport: Our pubkey algorithm list: ['rsa-sha2-512', 'rsa-sha2-256', 'ssh-rsa']
DEB [20251012-16:46:28.966] thr=1   paramiko.transport: Server-side algorithm list: ['ssh-ed25519', 'ssh-rsa', 'rsa-sha2-256', 'rsa-sha2-512', 'ssh-dss', 'ecdsa-sha2-nistp256', 'ecdsa-sha2-nistp384', 'ecdsa-sha2-nistp521']
DEB [20251012-16:46:28.966] thr=1   paramiko.transport: Agreed upon 'rsa-sha2-512' pubkey algorithm
INF [20251012-16:46:28.994] thr=1   paramiko.transport: Authentication (publickey) failed.
DEB [20251012-16:46:28.998] thr=3   paramiko.transport: starting thread (client mode): 0x8462390
DEB [20251012-16:46:28.998] thr=3   paramiko.transport: Local version/idstring: SSH-2.0-paramiko_3.5.1
DEB [20251012-16:46:29.026] thr=3   paramiko.transport: Remote version/idstring: SSH-2.0-OpenSSH_8.0
INF [20251012-16:46:29.026] thr=3   paramiko.transport: Connected (version 2.0, client OpenSSH_8.0)
DEB [20251012-16:46:29.030] thr=3   paramiko.transport: === Key exchange possibilities ===
DEB [20251012-16:46:29.030] thr=3   paramiko.transport: kex algos: curve25519-sha256, curve25519-sha256@libssh.org, ecdh-sha2-nistp256, ecdh-sha2-nistp384, ecdh-sha2-nistp521, diffie-hellman-group-exchange-sha256, diffie-hellman-group14-sha256, diffie-hellman-group16-sha512, diffie-hellman-group18-sha512, diffie-hellman-group-exchange-sha1, diffie-hellman-group14-sha1, kex-strict-s-v00@openssh.com
DEB [20251012-16:46:29.030] thr=3   paramiko.transport: server key: rsa-sha2-512, rsa-sha2-256, ssh-rsa, ecdsa-sha2-nistp256, ssh-ed25519
DEB [20251012-16:46:29.030] thr=3   paramiko.transport: client encrypt: aes256-gcm@openssh.com, chacha20-poly1305@openssh.com, aes256-ctr, aes256-cbc, aes128-gcm@openssh.com, aes128-ctr, aes128-cbc
DEB [20251012-16:46:29.030] thr=3   paramiko.transport: server encrypt: aes256-gcm@openssh.com, chacha20-poly1305@openssh.com, aes256-ctr, aes256-cbc, aes128-gcm@openssh.com, aes128-ctr, aes128-cbc
DEB [20251012-16:46:29.030] thr=3   paramiko.transport: client mac: hmac-sha2-256-etm@openssh.com, hmac-sha1-etm@openssh.com, umac-128-etm@openssh.com, hmac-sha2-512-etm@openssh.com, hmac-sha2-256, hmac-sha1, umac-128@openssh.com, hmac-sha2-512
DEB [20251012-16:46:29.030] thr=3   paramiko.transport: server mac: hmac-sha2-256-etm@openssh.com, hmac-sha1-etm@openssh.com, umac-128-etm@openssh.com, hmac-sha2-512-etm@openssh.com, hmac-sha2-256, hmac-sha1, umac-128@openssh.com, hmac-sha2-512
DEB [20251012-16:46:29.030] thr=3   paramiko.transport: client compress: none, zlib@openssh.com
DEB [20251012-16:46:29.030] thr=3   paramiko.transport: server compress: none, zlib@openssh.com
DEB [20251012-16:46:29.030] thr=3   paramiko.transport: client lang: <none>
DEB [20251012-16:46:29.030] thr=3   paramiko.transport: server lang: <none>
DEB [20251012-16:46:29.030] thr=3   paramiko.transport: kex follows: False
DEB [20251012-16:46:29.030] thr=3   paramiko.transport: === Key exchange agreements ===
DEB [20251012-16:46:29.030] thr=3   paramiko.transport: Strict kex mode: True
DEB [20251012-16:46:29.030] thr=3   paramiko.transport: Kex: curve25519-sha256@libssh.org
DEB [20251012-16:46:29.030] thr=3   paramiko.transport: HostKey: ssh-ed25519
DEB [20251012-16:46:29.030] thr=3   paramiko.transport: Cipher: aes128-ctr
DEB [20251012-16:46:29.030] thr=3   paramiko.transport: MAC: hmac-sha2-256
DEB [20251012-16:46:29.030] thr=3   paramiko.transport: Compression: none
DEB [20251012-16:46:29.030] thr=3   paramiko.transport: === End of kex handshake ===
DEB [20251012-16:46:29.048] thr=3   paramiko.transport: Resetting outbound seqno after NEWKEYS due to strict mode
DEB [20251012-16:46:29.048] thr=3   paramiko.transport: kex engine KexCurve25519 specified hash_algo <built-in function openssl_sha256>
DEB [20251012-16:46:29.048] thr=3   paramiko.transport: Switch to new keys ...
DEB [20251012-16:46:29.048] thr=3   paramiko.transport: Resetting inbound seqno after NEWKEYS due to strict mode
DEB [20251012-16:46:29.048] thr=3   paramiko.transport: Got EXT_INFO: {'server-sig-algs': b'ssh-ed25519,ssh-rsa,rsa-sha2-256,rsa-sha2-512,ssh-dss,ecdsa-sha2-nistp256,ecdsa-sha2-nistp384,ecdsa-sha2-nistp521'}
DEB [20251012-16:46:29.049] thr=2   paramiko.transport: Adding ssh-ed25519 host key for 10.0.4.10: b'10ca4a3c95856e287b0595772507a843'
DEB [20251012-16:46:29.373] thr=1   paramiko.transport: EOF in transport thread
DEB [20251012-16:46:29.374] thr=2   paramiko.transport: Trying discovered key b'4221e41496799c44ac811d2252252cb9' in .ssh/rke2_cluster_key
DEB [20251012-16:46:29.378] thr=3   paramiko.transport: userauth is OK
DEB [20251012-16:46:29.378] thr=3   paramiko.transport: Finalizing pubkey algorithm for key of type 'ssh-rsa'
DEB [20251012-16:46:29.378] thr=3   paramiko.transport: Our pubkey algorithm list: ['rsa-sha2-512', 'rsa-sha2-256', 'ssh-rsa']
DEB [20251012-16:46:29.378] thr=3   paramiko.transport: Server-side algorithm list: ['ssh-ed25519', 'ssh-rsa', 'rsa-sha2-256', 'rsa-sha2-512', 'ssh-dss', 'ecdsa-sha2-nistp256', 'ecdsa-sha2-nistp384', 'ecdsa-sha2-nistp521']
DEB [20251012-16:46:29.378] thr=3   paramiko.transport: Agreed upon 'rsa-sha2-512' pubkey algorithm
INF [20251012-16:46:29.401] thr=3   paramiko.transport: Authentication (publickey) failed.
DEB [20251012-16:48:09.074] thr=1   paramiko.transport: starting thread (client mode): 0x66bb5f0
DEB [20251012-16:48:09.074] thr=1   paramiko.transport: Local version/idstring: SSH-2.0-paramiko_3.5.1
DEB [20251012-16:48:09.100] thr=1   paramiko.transport: Remote version/idstring: SSH-2.0-OpenSSH_8.0
INF [20251012-16:48:09.100] thr=1   paramiko.transport: Connected (version 2.0, client OpenSSH_8.0)
DEB [20251012-16:48:09.104] thr=1   paramiko.transport: === Key exchange possibilities ===
DEB [20251012-16:48:09.104] thr=1   paramiko.transport: kex algos: curve25519-sha256, curve25519-sha256@libssh.org, ecdh-sha2-nistp256, ecdh-sha2-nistp384, ecdh-sha2-nistp521, diffie-hellman-group-exchange-sha256, diffie-hellman-group14-sha256, diffie-hellman-group16-sha512, diffie-hellman-group18-sha512, diffie-hellman-group-exchange-sha1, diffie-hellman-group14-sha1, kex-strict-s-v00@openssh.com
DEB [20251012-16:48:09.104] thr=1   paramiko.transport: server key: rsa-sha2-512, rsa-sha2-256, ssh-rsa, ecdsa-sha2-nistp256, ssh-ed25519
DEB [20251012-16:48:09.104] thr=1   paramiko.transport: client encrypt: aes256-gcm@openssh.com, chacha20-poly1305@openssh.com, aes256-ctr, aes256-cbc, aes128-gcm@openssh.com, aes128-ctr, aes128-cbc
DEB [20251012-16:48:09.104] thr=1   paramiko.transport: server encrypt: aes256-gcm@openssh.com, chacha20-poly1305@openssh.com, aes256-ctr, aes256-cbc, aes128-gcm@openssh.com, aes128-ctr, aes128-cbc
DEB [20251012-16:48:09.104] thr=1   paramiko.transport: client mac: hmac-sha2-256-etm@openssh.com, hmac-sha1-etm@openssh.com, umac-128-etm@openssh.com, hmac-sha2-512-etm@openssh.com, hmac-sha2-256, hmac-sha1, umac-128@openssh.com, hmac-sha2-512
DEB [20251012-16:48:09.104] thr=1   paramiko.transport: server mac: hmac-sha2-256-etm@openssh.com, hmac-sha1-etm@openssh.com, umac-128-etm@openssh.com, hmac-sha2-512-etm@openssh.com, hmac-sha2-256, hmac-sha1, umac-128@openssh.com, hmac-sha2-512
DEB [20251012-16:48:09.104] thr=1   paramiko.transport: client compress: none, zlib@openssh.com
DEB [20251012-16:48:09.104] thr=1   paramiko.transport: server compress: none, zlib@openssh.com
DEB [20251012-16:48:09.104] thr=1   paramiko.transport: client lang: <none>
DEB [20251012-16:48:09.104] thr=1   paramiko.transport: server lang: <none>
DEB [20251012-16:48:09.104] thr=1   paramiko.transport: kex follows: False
DEB [20251012-16:48:09.104] thr=1   paramiko.transport: === Key exchange agreements ===
DEB [20251012-16:48:09.104] thr=1   paramiko.transport: Strict kex mode: True
DEB [20251012-16:48:09.104] thr=1   paramiko.transport: Kex: curve25519-sha256@libssh.org
DEB [20251012-16:48:09.104] thr=1   paramiko.transport: HostKey: ssh-ed25519
DEB [20251012-16:48:09.104] thr=1   paramiko.transport: Cipher: aes128-ctr
DEB [20251012-16:48:09.104] thr=1   paramiko.transport: MAC: hmac-sha2-256
DEB [20251012-16:48:09.104] thr=1   paramiko.transport: Compression: none
DEB [20251012-16:48:09.104] thr=1   paramiko.transport: === End of kex handshake ===
DEB [20251012-16:48:09.166] thr=1   paramiko.transport: Resetting outbound seqno after NEWKEYS due to strict mode
DEB [20251012-16:48:09.166] thr=1   paramiko.transport: kex engine KexCurve25519 specified hash_algo <built-in function openssl_sha256>
DEB [20251012-16:48:09.166] thr=1   paramiko.transport: Switch to new keys ...
DEB [20251012-16:48:09.166] thr=1   paramiko.transport: Resetting inbound seqno after NEWKEYS due to strict mode
DEB [20251012-16:48:09.166] thr=2   paramiko.transport: Adding ssh-ed25519 host key for 10.0.4.177: b'7a45ccbb011a7d9de42e94537644aabb'
DEB [20251012-16:48:09.166] thr=1   paramiko.transport: Got EXT_INFO: {'server-sig-algs': b'ssh-ed25519,ssh-rsa,rsa-sha2-256,rsa-sha2-512,ssh-dss,ecdsa-sha2-nistp256,ecdsa-sha2-nistp384,ecdsa-sha2-nistp521'}
DEB [20251012-16:48:09.495] thr=2   paramiko.transport: Trying discovered key b'4221e41496799c44ac811d2252252cb9' in .ssh/rke2_cluster_key
DEB [20251012-16:48:09.500] thr=1   paramiko.transport: userauth is OK
DEB [20251012-16:48:09.500] thr=1   paramiko.transport: Finalizing pubkey algorithm for key of type 'ssh-rsa'
DEB [20251012-16:48:09.500] thr=1   paramiko.transport: Our pubkey algorithm list: ['rsa-sha2-512', 'rsa-sha2-256', 'ssh-rsa']
DEB [20251012-16:48:09.500] thr=1   paramiko.transport: Server-side algorithm list: ['ssh-ed25519', 'ssh-rsa', 'rsa-sha2-256', 'rsa-sha2-512', 'ssh-dss', 'ecdsa-sha2-nistp256', 'ecdsa-sha2-nistp384', 'ecdsa-sha2-nistp521']
DEB [20251012-16:48:09.500] thr=1   paramiko.transport: Agreed upon 'rsa-sha2-512' pubkey algorithm
INF [20251012-16:48:09.522] thr=1   paramiko.transport: Authentication (publickey) failed.
DEB [20251012-16:48:09.522] thr=2   paramiko.transport: Trying discovered key b'76b71ce239d29db3b4fb8d2733d7b637' in .ssh/rke2_cluster_key
DEB [20251012-16:48:09.527] thr=1   paramiko.transport: userauth is OK
ERR [20251012-16:48:09.528] thr=1   paramiko.transport: Unknown exception: q must be exactly 160, 224, or 256 bits long
ERR [20251012-16:48:09.530] thr=1   paramiko.transport: Traceback (most recent call last):
ERR [20251012-16:48:09.530] thr=1   paramiko.transport:   File "/Users/aboogie/alfred/rke2-install/.venv/lib/python3.12/site-packages/paramiko/transport.py", line 2262, in run
ERR [20251012-16:48:09.531] thr=1   paramiko.transport:     handler(m)
ERR [20251012-16:48:09.531] thr=1   paramiko.transport:   File "/Users/aboogie/alfred/rke2-install/.venv/lib/python3.12/site-packages/paramiko/auth_handler.py", line 404, in _parse_service_accept
ERR [20251012-16:48:09.531] thr=1   paramiko.transport:     sig = self.private_key.sign_ssh_data(blob, algorithm)
ERR [20251012-16:48:09.531] thr=1   paramiko.transport:           ^^^^^^^^^^^^^^^^^^^^^^^^^^^^^^^^^^^^^^^^^^^^^^^
ERR [20251012-16:48:09.531] thr=1   paramiko.transport:   File "/Users/aboogie/alfred/rke2-install/.venv/lib/python3.12/site-packages/paramiko/dsskey.py", line 120, in sign_ssh_data
ERR [20251012-16:48:09.531] thr=1   paramiko.transport:     ).private_key(backend=default_backend())
ERR [20251012-16:48:09.531] thr=1   paramiko.transport:       ^^^^^^^^^^^^^^^^^^^^^^^^^^^^^^^^^^^^^^
ERR [20251012-16:48:09.531] thr=1   paramiko.transport: ValueError: q must be exactly 160, 224, or 256 bits long
ERR [20251012-16:48:09.531] thr=1   paramiko.transport: 
DEB [20251012-16:48:09.536] thr=3   paramiko.transport: starting thread (client mode): 0x7177ef0
DEB [20251012-16:48:09.536] thr=3   paramiko.transport: Local version/idstring: SSH-2.0-paramiko_3.5.1
DEB [20251012-16:48:09.562] thr=3   paramiko.transport: Remote version/idstring: SSH-2.0-OpenSSH_8.0
INF [20251012-16:48:09.562] thr=3   paramiko.transport: Connected (version 2.0, client OpenSSH_8.0)
DEB [20251012-16:48:09.568] thr=3   paramiko.transport: === Key exchange possibilities ===
DEB [20251012-16:48:09.568] thr=3   paramiko.transport: kex algos: curve25519-sha256, curve25519-sha256@libssh.org, ecdh-sha2-nistp256, ecdh-sha2-nistp384, ecdh-sha2-nistp521, diffie-hellman-group-exchange-sha256, diffie-hellman-group14-sha256, diffie-hellman-group16-sha512, diffie-hellman-group18-sha512, diffie-hellman-group-exchange-sha1, diffie-hellman-group14-sha1, kex-strict-s-v00@openssh.com
DEB [20251012-16:48:09.568] thr=3   paramiko.transport: server key: rsa-sha2-512, rsa-sha2-256, ssh-rsa, ecdsa-sha2-nistp256, ssh-ed25519
DEB [20251012-16:48:09.568] thr=3   paramiko.transport: client encrypt: aes256-gcm@openssh.com, chacha20-poly1305@openssh.com, aes256-ctr, aes256-cbc, aes128-gcm@openssh.com, aes128-ctr, aes128-cbc
DEB [20251012-16:48:09.568] thr=3   paramiko.transport: server encrypt: aes256-gcm@openssh.com, chacha20-poly1305@openssh.com, aes256-ctr, aes256-cbc, aes128-gcm@openssh.com, aes128-ctr, aes128-cbc
DEB [20251012-16:48:09.568] thr=3   paramiko.transport: client mac: hmac-sha2-256-etm@openssh.com, hmac-sha1-etm@openssh.com, umac-128-etm@openssh.com, hmac-sha2-512-etm@openssh.com, hmac-sha2-256, hmac-sha1, umac-128@openssh.com, hmac-sha2-512
DEB [20251012-16:48:09.568] thr=3   paramiko.transport: server mac: hmac-sha2-256-etm@openssh.com, hmac-sha1-etm@openssh.com, umac-128-etm@openssh.com, hmac-sha2-512-etm@openssh.com, hmac-sha2-256, hmac-sha1, umac-128@openssh.com, hmac-sha2-512
DEB [20251012-16:48:09.568] thr=3   paramiko.transport: client compress: none, zlib@openssh.com
DEB [20251012-16:48:09.568] thr=3   paramiko.transport: server compress: none, zlib@openssh.com
DEB [20251012-16:48:09.568] thr=3   paramiko.transport: client lang: <none>
DEB [20251012-16:48:09.568] thr=3   paramiko.transport: server lang: <none>
DEB [20251012-16:48:09.568] thr=3   paramiko.transport: kex follows: False
DEB [20251012-16:48:09.568] thr=3   paramiko.transport: === Key exchange agreements ===
DEB [20251012-16:48:09.568] thr=3   paramiko.transport: Strict kex mode: True
DEB [20251012-16:48:09.568] thr=3   paramiko.transport: Kex: curve25519-sha256@libssh.org
DEB [20251012-16:48:09.569] thr=3   paramiko.transport: HostKey: ssh-ed25519
DEB [20251012-16:48:09.569] thr=3   paramiko.transport: Cipher: aes128-ctr
DEB [20251012-16:48:09.569] thr=3   paramiko.transport: MAC: hmac-sha2-256
DEB [20251012-16:48:09.569] thr=3   paramiko.transport: Compression: none
DEB [20251012-16:48:09.569] thr=3   paramiko.transport: === End of kex handshake ===
DEB [20251012-16:48:09.626] thr=3   paramiko.transport: Resetting outbound seqno after NEWKEYS due to strict mode
DEB [20251012-16:48:09.626] thr=3   paramiko.transport: kex engine KexCurve25519 specified hash_algo <built-in function openssl_sha256>
DEB [20251012-16:48:09.626] thr=3   paramiko.transport: Switch to new keys ...
DEB [20251012-16:48:09.626] thr=3   paramiko.transport: Resetting inbound seqno after NEWKEYS due to strict mode
DEB [20251012-16:48:09.626] thr=2   paramiko.transport: Adding ssh-ed25519 host key for 10.0.4.10: b'10ca4a3c95856e287b0595772507a843'
DEB [20251012-16:48:09.951] thr=3   paramiko.transport: Got EXT_INFO: {'server-sig-algs': b'ssh-ed25519,ssh-rsa,rsa-sha2-256,rsa-sha2-512,ssh-dss,ecdsa-sha2-nistp256,ecdsa-sha2-nistp384,ecdsa-sha2-nistp521'}
DEB [20251012-16:48:09.951] thr=2   paramiko.transport: Trying discovered key b'4221e41496799c44ac811d2252252cb9' in .ssh/rke2_cluster_key
DEB [20251012-16:48:09.956] thr=3   paramiko.transport: userauth is OK
DEB [20251012-16:48:09.956] thr=3   paramiko.transport: Finalizing pubkey algorithm for key of type 'ssh-rsa'
DEB [20251012-16:48:09.956] thr=3   paramiko.transport: Our pubkey algorithm list: ['rsa-sha2-512', 'rsa-sha2-256', 'ssh-rsa']
DEB [20251012-16:48:09.956] thr=3   paramiko.transport: Server-side algorithm list: ['ssh-ed25519', 'ssh-rsa', 'rsa-sha2-256', 'rsa-sha2-512', 'ssh-dss', 'ecdsa-sha2-nistp256', 'ecdsa-sha2-nistp384', 'ecdsa-sha2-nistp521']
DEB [20251012-16:48:09.956] thr=3   paramiko.transport: Agreed upon 'rsa-sha2-512' pubkey algorithm
INF [20251012-16:48:09.980] thr=3   paramiko.transport: Authentication (publickey) failed.
DEB [20251012-16:48:09.980] thr=2   paramiko.transport: Trying discovered key b'76b71ce239d29db3b4fb8d2733d7b637' in .ssh/rke2_cluster_key
DEB [20251012-16:48:09.985] thr=3   paramiko.transport: userauth is OK
ERR [20251012-16:48:09.985] thr=3   paramiko.transport: Unknown exception: q must be exactly 160, 224, or 256 bits long
ERR [20251012-16:48:09.985] thr=3   paramiko.transport: Traceback (most recent call last):
ERR [20251012-16:48:09.985] thr=3   paramiko.transport:   File "/Users/aboogie/alfred/rke2-install/.venv/lib/python3.12/site-packages/paramiko/transport.py", line 2262, in run
ERR [20251012-16:48:09.985] thr=3   paramiko.transport:     handler(m)
ERR [20251012-16:48:09.985] thr=3   paramiko.transport:   File "/Users/aboogie/alfred/rke2-install/.venv/lib/python3.12/site-packages/paramiko/auth_handler.py", line 404, in _parse_service_accept
ERR [20251012-16:48:09.985] thr=3   paramiko.transport:     sig = self.private_key.sign_ssh_data(blob, algorithm)
ERR [20251012-16:48:09.985] thr=3   paramiko.transport:           ^^^^^^^^^^^^^^^^^^^^^^^^^^^^^^^^^^^^^^^^^^^^^^^
ERR [20251012-16:48:09.985] thr=3   paramiko.transport:   File "/Users/aboogie/alfred/rke2-install/.venv/lib/python3.12/site-packages/paramiko/dsskey.py", line 120, in sign_ssh_data
ERR [20251012-16:48:09.985] thr=3   paramiko.transport:     ).private_key(backend=default_backend())
ERR [20251012-16:48:09.985] thr=3   paramiko.transport:       ^^^^^^^^^^^^^^^^^^^^^^^^^^^^^^^^^^^^^^
ERR [20251012-16:48:09.985] thr=3   paramiko.transport: ValueError: q must be exactly 160, 224, or 256 bits long
ERR [20251012-16:48:09.986] thr=3   paramiko.transport: 
DEB [20251012-16:51:09.525] thr=1   paramiko.transport: starting thread (client mode): 0x872db20
DEB [20251012-16:51:09.525] thr=1   paramiko.transport: Local version/idstring: SSH-2.0-paramiko_3.5.1
DEB [20251012-16:51:09.552] thr=1   paramiko.transport: Remote version/idstring: SSH-2.0-OpenSSH_8.0
INF [20251012-16:51:09.552] thr=1   paramiko.transport: Connected (version 2.0, client OpenSSH_8.0)
DEB [20251012-16:51:09.556] thr=1   paramiko.transport: === Key exchange possibilities ===
DEB [20251012-16:51:09.556] thr=1   paramiko.transport: kex algos: curve25519-sha256, curve25519-sha256@libssh.org, ecdh-sha2-nistp256, ecdh-sha2-nistp384, ecdh-sha2-nistp521, diffie-hellman-group-exchange-sha256, diffie-hellman-group14-sha256, diffie-hellman-group16-sha512, diffie-hellman-group18-sha512, diffie-hellman-group-exchange-sha1, diffie-hellman-group14-sha1, kex-strict-s-v00@openssh.com
DEB [20251012-16:51:09.556] thr=1   paramiko.transport: server key: rsa-sha2-512, rsa-sha2-256, ssh-rsa, ecdsa-sha2-nistp256, ssh-ed25519
DEB [20251012-16:51:09.556] thr=1   paramiko.transport: client encrypt: aes256-gcm@openssh.com, chacha20-poly1305@openssh.com, aes256-ctr, aes256-cbc, aes128-gcm@openssh.com, aes128-ctr, aes128-cbc
DEB [20251012-16:51:09.556] thr=1   paramiko.transport: server encrypt: aes256-gcm@openssh.com, chacha20-poly1305@openssh.com, aes256-ctr, aes256-cbc, aes128-gcm@openssh.com, aes128-ctr, aes128-cbc
DEB [20251012-16:51:09.557] thr=1   paramiko.transport: client mac: hmac-sha2-256-etm@openssh.com, hmac-sha1-etm@openssh.com, umac-128-etm@openssh.com, hmac-sha2-512-etm@openssh.com, hmac-sha2-256, hmac-sha1, umac-128@openssh.com, hmac-sha2-512
DEB [20251012-16:51:09.557] thr=1   paramiko.transport: server mac: hmac-sha2-256-etm@openssh.com, hmac-sha1-etm@openssh.com, umac-128-etm@openssh.com, hmac-sha2-512-etm@openssh.com, hmac-sha2-256, hmac-sha1, umac-128@openssh.com, hmac-sha2-512
DEB [20251012-16:51:09.557] thr=1   paramiko.transport: client compress: none, zlib@openssh.com
DEB [20251012-16:51:09.557] thr=1   paramiko.transport: server compress: none, zlib@openssh.com
DEB [20251012-16:51:09.557] thr=1   paramiko.transport: client lang: <none>
DEB [20251012-16:51:09.557] thr=1   paramiko.transport: server lang: <none>
DEB [20251012-16:51:09.557] thr=1   paramiko.transport: kex follows: False
DEB [20251012-16:51:09.557] thr=1   paramiko.transport: === Key exchange agreements ===
DEB [20251012-16:51:09.557] thr=1   paramiko.transport: Strict kex mode: True
DEB [20251012-16:51:09.557] thr=1   paramiko.transport: Kex: curve25519-sha256@libssh.org
DEB [20251012-16:51:09.557] thr=1   paramiko.transport: HostKey: ssh-ed25519
DEB [20251012-16:51:09.557] thr=1   paramiko.transport: Cipher: aes128-ctr
DEB [20251012-16:51:09.557] thr=1   paramiko.transport: MAC: hmac-sha2-256
DEB [20251012-16:51:09.557] thr=1   paramiko.transport: Compression: none
DEB [20251012-16:51:09.557] thr=1   paramiko.transport: === End of kex handshake ===
DEB [20251012-16:51:09.614] thr=1   paramiko.transport: Resetting outbound seqno after NEWKEYS due to strict mode
DEB [20251012-16:51:09.614] thr=1   paramiko.transport: kex engine KexCurve25519 specified hash_algo <built-in function openssl_sha256>
DEB [20251012-16:51:09.615] thr=1   paramiko.transport: Switch to new keys ...
DEB [20251012-16:51:09.615] thr=1   paramiko.transport: Resetting inbound seqno after NEWKEYS due to strict mode
DEB [20251012-16:51:09.615] thr=2   paramiko.transport: Adding ssh-ed25519 host key for 10.0.4.177: b'7a45ccbb011a7d9de42e94537644aabb'
DEB [20251012-16:51:09.615] thr=1   paramiko.transport: Got EXT_INFO: {'server-sig-algs': b'ssh-ed25519,ssh-rsa,rsa-sha2-256,rsa-sha2-512,ssh-dss,ecdsa-sha2-nistp256,ecdsa-sha2-nistp384,ecdsa-sha2-nistp521'}
DEB [20251012-16:51:09.939] thr=2   paramiko.transport: Trying discovered key b'39a62be910212a219b2bb2c50db12d21' in .ssh/rke2_cluster_key_new
DEB [20251012-16:51:09.947] thr=1   paramiko.transport: userauth is OK
DEB [20251012-16:51:09.947] thr=1   paramiko.transport: Finalizing pubkey algorithm for key of type 'ssh-rsa'
DEB [20251012-16:51:09.947] thr=1   paramiko.transport: Our pubkey algorithm list: ['rsa-sha2-512', 'rsa-sha2-256', 'ssh-rsa']
DEB [20251012-16:51:09.947] thr=1   paramiko.transport: Server-side algorithm list: ['ssh-ed25519', 'ssh-rsa', 'rsa-sha2-256', 'rsa-sha2-512', 'ssh-dss', 'ecdsa-sha2-nistp256', 'ecdsa-sha2-nistp384', 'ecdsa-sha2-nistp521']
DEB [20251012-16:51:09.947] thr=1   paramiko.transport: Agreed upon 'rsa-sha2-512' pubkey algorithm
INF [20251012-16:51:09.968] thr=1   paramiko.transport: Authentication (publickey) failed.
DEB [20251012-16:51:09.974] thr=3   paramiko.transport: starting thread (client mode): 0x8786030
DEB [20251012-16:51:09.974] thr=3   paramiko.transport: Local version/idstring: SSH-2.0-paramiko_3.5.1
DEB [20251012-16:51:10.001] thr=3   paramiko.transport: Remote version/idstring: SSH-2.0-OpenSSH_8.0
INF [20251012-16:51:10.001] thr=3   paramiko.transport: Connected (version 2.0, client OpenSSH_8.0)
DEB [20251012-16:51:10.006] thr=3   paramiko.transport: === Key exchange possibilities ===
DEB [20251012-16:51:10.006] thr=3   paramiko.transport: kex algos: curve25519-sha256, curve25519-sha256@libssh.org, ecdh-sha2-nistp256, ecdh-sha2-nistp384, ecdh-sha2-nistp521, diffie-hellman-group-exchange-sha256, diffie-hellman-group14-sha256, diffie-hellman-group16-sha512, diffie-hellman-group18-sha512, diffie-hellman-group-exchange-sha1, diffie-hellman-group14-sha1, kex-strict-s-v00@openssh.com
DEB [20251012-16:51:10.006] thr=3   paramiko.transport: server key: rsa-sha2-512, rsa-sha2-256, ssh-rsa, ecdsa-sha2-nistp256, ssh-ed25519
DEB [20251012-16:51:10.006] thr=3   paramiko.transport: client encrypt: aes256-gcm@openssh.com, chacha20-poly1305@openssh.com, aes256-ctr, aes256-cbc, aes128-gcm@openssh.com, aes128-ctr, aes128-cbc
DEB [20251012-16:51:10.006] thr=3   paramiko.transport: server encrypt: aes256-gcm@openssh.com, chacha20-poly1305@openssh.com, aes256-ctr, aes256-cbc, aes128-gcm@openssh.com, aes128-ctr, aes128-cbc
DEB [20251012-16:51:10.006] thr=3   paramiko.transport: client mac: hmac-sha2-256-etm@openssh.com, hmac-sha1-etm@openssh.com, umac-128-etm@openssh.com, hmac-sha2-512-etm@openssh.com, hmac-sha2-256, hmac-sha1, umac-128@openssh.com, hmac-sha2-512
DEB [20251012-16:51:10.006] thr=3   paramiko.transport: server mac: hmac-sha2-256-etm@openssh.com, hmac-sha1-etm@openssh.com, umac-128-etm@openssh.com, hmac-sha2-512-etm@openssh.com, hmac-sha2-256, hmac-sha1, umac-128@openssh.com, hmac-sha2-512
DEB [20251012-16:51:10.006] thr=3   paramiko.transport: client compress: none, zlib@openssh.com
DEB [20251012-16:51:10.006] thr=3   paramiko.transport: server compress: none, zlib@openssh.com
DEB [20251012-16:51:10.006] thr=3   paramiko.transport: client lang: <none>
DEB [20251012-16:51:10.006] thr=3   paramiko.transport: server lang: <none>
DEB [20251012-16:51:10.006] thr=3   paramiko.transport: kex follows: False
DEB [20251012-16:51:10.006] thr=3   paramiko.transport: === Key exchange agreements ===
DEB [20251012-16:51:10.006] thr=3   paramiko.transport: Strict kex mode: True
DEB [20251012-16:51:10.006] thr=3   paramiko.transport: Kex: curve25519-sha256@libssh.org
DEB [20251012-16:51:10.006] thr=3   paramiko.transport: HostKey: ssh-ed25519
DEB [20251012-16:51:10.006] thr=3   paramiko.transport: Cipher: aes128-ctr
DEB [20251012-16:51:10.006] thr=3   paramiko.transport: MAC: hmac-sha2-256
DEB [20251012-16:51:10.006] thr=3   paramiko.transport: Compression: none
DEB [20251012-16:51:10.006] thr=3   paramiko.transport: === End of kex handshake ===
DEB [20251012-16:51:10.024] thr=3   paramiko.transport: Resetting outbound seqno after NEWKEYS due to strict mode
DEB [20251012-16:51:10.024] thr=3   paramiko.transport: kex engine KexCurve25519 specified hash_algo <built-in function openssl_sha256>
DEB [20251012-16:51:10.024] thr=3   paramiko.transport: Switch to new keys ...
DEB [20251012-16:51:10.024] thr=3   paramiko.transport: Resetting inbound seqno after NEWKEYS due to strict mode
DEB [20251012-16:51:10.024] thr=3   paramiko.transport: Got EXT_INFO: {'server-sig-algs': b'ssh-ed25519,ssh-rsa,rsa-sha2-256,rsa-sha2-512,ssh-dss,ecdsa-sha2-nistp256,ecdsa-sha2-nistp384,ecdsa-sha2-nistp521'}
DEB [20251012-16:51:10.024] thr=2   paramiko.transport: Adding ssh-ed25519 host key for 10.0.4.10: b'10ca4a3c95856e287b0595772507a843'
DEB [20251012-16:51:10.350] thr=1   paramiko.transport: EOF in transport thread
DEB [20251012-16:51:10.350] thr=2   paramiko.transport: Trying discovered key b'39a62be910212a219b2bb2c50db12d21' in .ssh/rke2_cluster_key_new
DEB [20251012-16:51:10.357] thr=3   paramiko.transport: userauth is OK
DEB [20251012-16:51:10.357] thr=3   paramiko.transport: Finalizing pubkey algorithm for key of type 'ssh-rsa'
DEB [20251012-16:51:10.357] thr=3   paramiko.transport: Our pubkey algorithm list: ['rsa-sha2-512', 'rsa-sha2-256', 'ssh-rsa']
DEB [20251012-16:51:10.357] thr=3   paramiko.transport: Server-side algorithm list: ['ssh-ed25519', 'ssh-rsa', 'rsa-sha2-256', 'rsa-sha2-512', 'ssh-dss', 'ecdsa-sha2-nistp256', 'ecdsa-sha2-nistp384', 'ecdsa-sha2-nistp521']
DEB [20251012-16:51:10.357] thr=3   paramiko.transport: Agreed upon 'rsa-sha2-512' pubkey algorithm
INF [20251012-16:51:10.380] thr=3   paramiko.transport: Authentication (publickey) failed.
DEB [20251012-16:53:57.474] thr=1   paramiko.transport: starting thread (client mode): 0xa897950
DEB [20251012-16:53:57.474] thr=1   paramiko.transport: Local version/idstring: SSH-2.0-paramiko_3.5.1
DEB [20251012-16:53:57.500] thr=1   paramiko.transport: Remote version/idstring: SSH-2.0-OpenSSH_8.0
INF [20251012-16:53:57.500] thr=1   paramiko.transport: Connected (version 2.0, client OpenSSH_8.0)
DEB [20251012-16:53:57.504] thr=1   paramiko.transport: === Key exchange possibilities ===
DEB [20251012-16:53:57.505] thr=1   paramiko.transport: kex algos: curve25519-sha256, curve25519-sha256@libssh.org, ecdh-sha2-nistp256, ecdh-sha2-nistp384, ecdh-sha2-nistp521, diffie-hellman-group-exchange-sha256, diffie-hellman-group14-sha256, diffie-hellman-group16-sha512, diffie-hellman-group18-sha512, diffie-hellman-group-exchange-sha1, diffie-hellman-group14-sha1, kex-strict-s-v00@openssh.com
DEB [20251012-16:53:57.505] thr=1   paramiko.transport: server key: rsa-sha2-512, rsa-sha2-256, ssh-rsa, ecdsa-sha2-nistp256, ssh-ed25519
DEB [20251012-16:53:57.505] thr=1   paramiko.transport: client encrypt: aes256-gcm@openssh.com, chacha20-poly1305@openssh.com, aes256-ctr, aes256-cbc, aes128-gcm@openssh.com, aes128-ctr, aes128-cbc
DEB [20251012-16:53:57.505] thr=1   paramiko.transport: server encrypt: aes256-gcm@openssh.com, chacha20-poly1305@openssh.com, aes256-ctr, aes256-cbc, aes128-gcm@openssh.com, aes128-ctr, aes128-cbc
DEB [20251012-16:53:57.505] thr=1   paramiko.transport: client mac: hmac-sha2-256-etm@openssh.com, hmac-sha1-etm@openssh.com, umac-128-etm@openssh.com, hmac-sha2-512-etm@openssh.com, hmac-sha2-256, hmac-sha1, umac-128@openssh.com, hmac-sha2-512
DEB [20251012-16:53:57.505] thr=1   paramiko.transport: server mac: hmac-sha2-256-etm@openssh.com, hmac-sha1-etm@openssh.com, umac-128-etm@openssh.com, hmac-sha2-512-etm@openssh.com, hmac-sha2-256, hmac-sha1, umac-128@openssh.com, hmac-sha2-512
DEB [20251012-16:53:57.505] thr=1   paramiko.transport: client compress: none, zlib@openssh.com
DEB [20251012-16:53:57.505] thr=1   paramiko.transport: server compress: none, zlib@openssh.com
DEB [20251012-16:53:57.505] thr=1   paramiko.transport: client lang: <none>
DEB [20251012-16:53:57.505] thr=1   paramiko.transport: server lang: <none>
DEB [20251012-16:53:57.505] thr=1   paramiko.transport: kex follows: False
DEB [20251012-16:53:57.505] thr=1   paramiko.transport: === Key exchange agreements ===
DEB [20251012-16:53:57.505] thr=1   paramiko.transport: Strict kex mode: True
DEB [20251012-16:53:57.505] thr=1   paramiko.transport: Kex: curve25519-sha256@libssh.org
DEB [20251012-16:53:57.505] thr=1   paramiko.transport: HostKey: ssh-ed25519
DEB [20251012-16:53:57.505] thr=1   paramiko.transport: Cipher: aes128-ctr
DEB [20251012-16:53:57.505] thr=1   paramiko.transport: MAC: hmac-sha2-256
DEB [20251012-16:53:57.505] thr=1   paramiko.transport: Compression: none
DEB [20251012-16:53:57.505] thr=1   paramiko.transport: === End of kex handshake ===
DEB [20251012-16:53:57.522] thr=1   paramiko.transport: Resetting outbound seqno after NEWKEYS due to strict mode
DEB [20251012-16:53:57.522] thr=1   paramiko.transport: kex engine KexCurve25519 specified hash_algo <built-in function openssl_sha256>
DEB [20251012-16:53:57.522] thr=1   paramiko.transport: Switch to new keys ...
DEB [20251012-16:53:57.522] thr=1   paramiko.transport: Resetting inbound seqno after NEWKEYS due to strict mode
DEB [20251012-16:53:57.522] thr=1   paramiko.transport: Got EXT_INFO: {'server-sig-algs': b'ssh-ed25519,ssh-rsa,rsa-sha2-256,rsa-sha2-512,ssh-dss,ecdsa-sha2-nistp256,ecdsa-sha2-nistp384,ecdsa-sha2-nistp521'}
DEB [20251012-16:53:57.522] thr=2   paramiko.transport: Adding ssh-ed25519 host key for 10.0.4.177: b'7a45ccbb011a7d9de42e94537644aabb'
DEB [20251012-16:53:57.843] thr=2   paramiko.transport: Trying discovered key b'39a62be910212a219b2bb2c50db12d21' in .ssh/rke2_cluster_key_new
DEB [20251012-16:53:57.848] thr=1   paramiko.transport: userauth is OK
DEB [20251012-16:53:57.848] thr=1   paramiko.transport: Finalizing pubkey algorithm for key of type 'ssh-rsa'
DEB [20251012-16:53:57.848] thr=1   paramiko.transport: Our pubkey algorithm list: ['rsa-sha2-512', 'rsa-sha2-256', 'ssh-rsa']
DEB [20251012-16:53:57.848] thr=1   paramiko.transport: Server-side algorithm list: ['ssh-ed25519', 'ssh-rsa', 'rsa-sha2-256', 'rsa-sha2-512', 'ssh-dss', 'ecdsa-sha2-nistp256', 'ecdsa-sha2-nistp384', 'ecdsa-sha2-nistp521']
DEB [20251012-16:53:57.848] thr=1   paramiko.transport: Agreed upon 'rsa-sha2-512' pubkey algorithm
INF [20251012-16:53:57.878] thr=1   paramiko.transport: Authentication (publickey) failed.
DEB [20251012-16:53:57.883] thr=3   paramiko.transport: starting thread (client mode): 0xa8be360
DEB [20251012-16:53:57.883] thr=3   paramiko.transport: Local version/idstring: SSH-2.0-paramiko_3.5.1
DEB [20251012-16:53:57.913] thr=3   paramiko.transport: Remote version/idstring: SSH-2.0-OpenSSH_8.0
INF [20251012-16:53:57.913] thr=3   paramiko.transport: Connected (version 2.0, client OpenSSH_8.0)
DEB [20251012-16:53:57.917] thr=3   paramiko.transport: === Key exchange possibilities ===
DEB [20251012-16:53:57.917] thr=3   paramiko.transport: kex algos: curve25519-sha256, curve25519-sha256@libssh.org, ecdh-sha2-nistp256, ecdh-sha2-nistp384, ecdh-sha2-nistp521, diffie-hellman-group-exchange-sha256, diffie-hellman-group14-sha256, diffie-hellman-group16-sha512, diffie-hellman-group18-sha512, diffie-hellman-group-exchange-sha1, diffie-hellman-group14-sha1, kex-strict-s-v00@openssh.com
DEB [20251012-16:53:57.917] thr=3   paramiko.transport: server key: rsa-sha2-512, rsa-sha2-256, ssh-rsa, ecdsa-sha2-nistp256, ssh-ed25519
DEB [20251012-16:53:57.917] thr=3   paramiko.transport: client encrypt: aes256-gcm@openssh.com, chacha20-poly1305@openssh.com, aes256-ctr, aes256-cbc, aes128-gcm@openssh.com, aes128-ctr, aes128-cbc
DEB [20251012-16:53:57.917] thr=3   paramiko.transport: server encrypt: aes256-gcm@openssh.com, chacha20-poly1305@openssh.com, aes256-ctr, aes256-cbc, aes128-gcm@openssh.com, aes128-ctr, aes128-cbc
DEB [20251012-16:53:57.917] thr=3   paramiko.transport: client mac: hmac-sha2-256-etm@openssh.com, hmac-sha1-etm@openssh.com, umac-128-etm@openssh.com, hmac-sha2-512-etm@openssh.com, hmac-sha2-256, hmac-sha1, umac-128@openssh.com, hmac-sha2-512
DEB [20251012-16:53:57.917] thr=3   paramiko.transport: server mac: hmac-sha2-256-etm@openssh.com, hmac-sha1-etm@openssh.com, umac-128-etm@openssh.com, hmac-sha2-512-etm@openssh.com, hmac-sha2-256, hmac-sha1, umac-128@openssh.com, hmac-sha2-512
DEB [20251012-16:53:57.917] thr=3   paramiko.transport: client compress: none, zlib@openssh.com
DEB [20251012-16:53:57.917] thr=3   paramiko.transport: server compress: none, zlib@openssh.com
DEB [20251012-16:53:57.917] thr=3   paramiko.transport: client lang: <none>
DEB [20251012-16:53:57.917] thr=3   paramiko.transport: server lang: <none>
DEB [20251012-16:53:57.917] thr=3   paramiko.transport: kex follows: False
DEB [20251012-16:53:57.917] thr=3   paramiko.transport: === Key exchange agreements ===
DEB [20251012-16:53:57.917] thr=3   paramiko.transport: Strict kex mode: True
DEB [20251012-16:53:57.917] thr=3   paramiko.transport: Kex: curve25519-sha256@libssh.org
DEB [20251012-16:53:57.917] thr=3   paramiko.transport: HostKey: ssh-ed25519
DEB [20251012-16:53:57.917] thr=3   paramiko.transport: Cipher: aes128-ctr
DEB [20251012-16:53:57.917] thr=3   paramiko.transport: MAC: hmac-sha2-256
DEB [20251012-16:53:57.917] thr=3   paramiko.transport: Compression: none
DEB [20251012-16:53:57.917] thr=3   paramiko.transport: === End of kex handshake ===
DEB [20251012-16:53:57.935] thr=3   paramiko.transport: Resetting outbound seqno after NEWKEYS due to strict mode
DEB [20251012-16:53:57.935] thr=3   paramiko.transport: kex engine KexCurve25519 specified hash_algo <built-in function openssl_sha256>
DEB [20251012-16:53:57.935] thr=3   paramiko.transport: Switch to new keys ...
DEB [20251012-16:53:57.935] thr=3   paramiko.transport: Resetting inbound seqno after NEWKEYS due to strict mode
DEB [20251012-16:53:57.935] thr=2   paramiko.transport: Adding ssh-ed25519 host key for 10.0.4.10: b'10ca4a3c95856e287b0595772507a843'
DEB [20251012-16:53:57.935] thr=3   paramiko.transport: Got EXT_INFO: {'server-sig-algs': b'ssh-ed25519,ssh-rsa,rsa-sha2-256,rsa-sha2-512,ssh-dss,ecdsa-sha2-nistp256,ecdsa-sha2-nistp384,ecdsa-sha2-nistp521'}
DEB [20251012-16:53:58.255] thr=1   paramiko.transport: EOF in transport thread
DEB [20251012-16:53:58.255] thr=2   paramiko.transport: Trying discovered key b'39a62be910212a219b2bb2c50db12d21' in .ssh/rke2_cluster_key_new
DEB [20251012-16:53:58.262] thr=3   paramiko.transport: userauth is OK
DEB [20251012-16:53:58.262] thr=3   paramiko.transport: Finalizing pubkey algorithm for key of type 'ssh-rsa'
DEB [20251012-16:53:58.262] thr=3   paramiko.transport: Our pubkey algorithm list: ['rsa-sha2-512', 'rsa-sha2-256', 'ssh-rsa']
DEB [20251012-16:53:58.262] thr=3   paramiko.transport: Server-side algorithm list: ['ssh-ed25519', 'ssh-rsa', 'rsa-sha2-256', 'rsa-sha2-512', 'ssh-dss', 'ecdsa-sha2-nistp256', 'ecdsa-sha2-nistp384', 'ecdsa-sha2-nistp521']
DEB [20251012-16:53:58.262] thr=3   paramiko.transport: Agreed upon 'rsa-sha2-512' pubkey algorithm
INF [20251012-16:53:58.285] thr=3   paramiko.transport: Authentication (publickey) failed.
DEB [20251012-17:15:30.602] thr=1   paramiko.transport: starting thread (client mode): 0xb0dfdd0
DEB [20251012-17:15:30.602] thr=1   paramiko.transport: Local version/idstring: SSH-2.0-paramiko_3.5.1
DEB [20251012-17:15:30.630] thr=1   paramiko.transport: Remote version/idstring: SSH-2.0-OpenSSH_8.0
INF [20251012-17:15:30.631] thr=1   paramiko.transport: Connected (version 2.0, client OpenSSH_8.0)
DEB [20251012-17:15:30.636] thr=1   paramiko.transport: === Key exchange possibilities ===
DEB [20251012-17:15:30.636] thr=1   paramiko.transport: kex algos: curve25519-sha256, curve25519-sha256@libssh.org, ecdh-sha2-nistp256, ecdh-sha2-nistp384, ecdh-sha2-nistp521, diffie-hellman-group-exchange-sha256, diffie-hellman-group14-sha256, diffie-hellman-group16-sha512, diffie-hellman-group18-sha512, diffie-hellman-group-exchange-sha1, diffie-hellman-group14-sha1, kex-strict-s-v00@openssh.com
DEB [20251012-17:15:30.636] thr=1   paramiko.transport: server key: rsa-sha2-512, rsa-sha2-256, ssh-rsa, ecdsa-sha2-nistp256, ssh-ed25519
DEB [20251012-17:15:30.636] thr=1   paramiko.transport: client encrypt: aes256-gcm@openssh.com, chacha20-poly1305@openssh.com, aes256-ctr, aes256-cbc, aes128-gcm@openssh.com, aes128-ctr, aes128-cbc
DEB [20251012-17:15:30.636] thr=1   paramiko.transport: server encrypt: aes256-gcm@openssh.com, chacha20-poly1305@openssh.com, aes256-ctr, aes256-cbc, aes128-gcm@openssh.com, aes128-ctr, aes128-cbc
DEB [20251012-17:15:30.636] thr=1   paramiko.transport: client mac: hmac-sha2-256-etm@openssh.com, hmac-sha1-etm@openssh.com, umac-128-etm@openssh.com, hmac-sha2-512-etm@openssh.com, hmac-sha2-256, hmac-sha1, umac-128@openssh.com, hmac-sha2-512
DEB [20251012-17:15:30.636] thr=1   paramiko.transport: server mac: hmac-sha2-256-etm@openssh.com, hmac-sha1-etm@openssh.com, umac-128-etm@openssh.com, hmac-sha2-512-etm@openssh.com, hmac-sha2-256, hmac-sha1, umac-128@openssh.com, hmac-sha2-512
DEB [20251012-17:15:30.636] thr=1   paramiko.transport: client compress: none, zlib@openssh.com
DEB [20251012-17:15:30.636] thr=1   paramiko.transport: server compress: none, zlib@openssh.com
DEB [20251012-17:15:30.636] thr=1   paramiko.transport: client lang: <none>
DEB [20251012-17:15:30.636] thr=1   paramiko.transport: server lang: <none>
DEB [20251012-17:15:30.636] thr=1   paramiko.transport: kex follows: False
DEB [20251012-17:15:30.636] thr=1   paramiko.transport: === Key exchange agreements ===
DEB [20251012-17:15:30.636] thr=1   paramiko.transport: Strict kex mode: True
DEB [20251012-17:15:30.636] thr=1   paramiko.transport: Kex: curve25519-sha256@libssh.org
DEB [20251012-17:15:30.636] thr=1   paramiko.transport: HostKey: ssh-ed25519
DEB [20251012-17:15:30.636] thr=1   paramiko.transport: Cipher: aes128-ctr
DEB [20251012-17:15:30.636] thr=1   paramiko.transport: MAC: hmac-sha2-256
DEB [20251012-17:15:30.636] thr=1   paramiko.transport: Compression: none
DEB [20251012-17:15:30.636] thr=1   paramiko.transport: === End of kex handshake ===
DEB [20251012-17:15:30.655] thr=1   paramiko.transport: Resetting outbound seqno after NEWKEYS due to strict mode
DEB [20251012-17:15:30.655] thr=1   paramiko.transport: kex engine KexCurve25519 specified hash_algo <built-in function openssl_sha256>
DEB [20251012-17:15:30.656] thr=1   paramiko.transport: Switch to new keys ...
DEB [20251012-17:15:30.656] thr=1   paramiko.transport: Resetting inbound seqno after NEWKEYS due to strict mode
DEB [20251012-17:15:30.656] thr=2   paramiko.transport: Adding ssh-ed25519 host key for 10.0.4.177: b'7a45ccbb011a7d9de42e94537644aabb'
DEB [20251012-17:15:30.656] thr=1   paramiko.transport: Got EXT_INFO: {'server-sig-algs': b'ssh-ed25519,ssh-rsa,rsa-sha2-256,rsa-sha2-512,ssh-dss,ecdsa-sha2-nistp256,ecdsa-sha2-nistp384,ecdsa-sha2-nistp521'}
DEB [20251012-17:15:30.656] thr=2   paramiko.transport: Trying SSH key b'39a62be910212a219b2bb2c50db12d21'
DEB [20251012-17:15:30.704] thr=1   paramiko.transport: userauth is OK
DEB [20251012-17:15:30.704] thr=1   paramiko.transport: Finalizing pubkey algorithm for key of type 'ssh-rsa'
DEB [20251012-17:15:30.704] thr=1   paramiko.transport: Our pubkey algorithm list: ['rsa-sha2-512', 'rsa-sha2-256', 'ssh-rsa']
DEB [20251012-17:15:30.704] thr=1   paramiko.transport: Server-side algorithm list: ['ssh-ed25519', 'ssh-rsa', 'rsa-sha2-256', 'rsa-sha2-512', 'ssh-dss', 'ecdsa-sha2-nistp256', 'ecdsa-sha2-nistp384', 'ecdsa-sha2-nistp521']
DEB [20251012-17:15:30.704] thr=1   paramiko.transport: Agreed upon 'rsa-sha2-512' pubkey algorithm
INF [20251012-17:15:30.732] thr=1   paramiko.transport: Authentication (publickey) failed.
DEB [20251012-17:15:31.063] thr=1   paramiko.transport: EOF in transport thread
DEB [20251012-17:15:31.070] thr=3   paramiko.transport: starting thread (client mode): 0xb116b10
DEB [20251012-17:15:31.071] thr=3   paramiko.transport: Local version/idstring: SSH-2.0-paramiko_3.5.1
DEB [20251012-17:15:31.106] thr=3   paramiko.transport: Remote version/idstring: SSH-2.0-OpenSSH_8.0
INF [20251012-17:15:31.106] thr=3   paramiko.transport: Connected (version 2.0, client OpenSSH_8.0)
DEB [20251012-17:15:31.112] thr=3   paramiko.transport: === Key exchange possibilities ===
DEB [20251012-17:15:31.112] thr=3   paramiko.transport: kex algos: curve25519-sha256, curve25519-sha256@libssh.org, ecdh-sha2-nistp256, ecdh-sha2-nistp384, ecdh-sha2-nistp521, diffie-hellman-group-exchange-sha256, diffie-hellman-group14-sha256, diffie-hellman-group16-sha512, diffie-hellman-group18-sha512, diffie-hellman-group-exchange-sha1, diffie-hellman-group14-sha1, kex-strict-s-v00@openssh.com
DEB [20251012-17:15:31.112] thr=3   paramiko.transport: server key: rsa-sha2-512, rsa-sha2-256, ssh-rsa, ecdsa-sha2-nistp256, ssh-ed25519
DEB [20251012-17:15:31.112] thr=3   paramiko.transport: client encrypt: aes256-gcm@openssh.com, chacha20-poly1305@openssh.com, aes256-ctr, aes256-cbc, aes128-gcm@openssh.com, aes128-ctr, aes128-cbc
DEB [20251012-17:15:31.112] thr=3   paramiko.transport: server encrypt: aes256-gcm@openssh.com, chacha20-poly1305@openssh.com, aes256-ctr, aes256-cbc, aes128-gcm@openssh.com, aes128-ctr, aes128-cbc
DEB [20251012-17:15:31.112] thr=3   paramiko.transport: client mac: hmac-sha2-256-etm@openssh.com, hmac-sha1-etm@openssh.com, umac-128-etm@openssh.com, hmac-sha2-512-etm@openssh.com, hmac-sha2-256, hmac-sha1, umac-128@openssh.com, hmac-sha2-512
DEB [20251012-17:15:31.112] thr=3   paramiko.transport: server mac: hmac-sha2-256-etm@openssh.com, hmac-sha1-etm@openssh.com, umac-128-etm@openssh.com, hmac-sha2-512-etm@openssh.com, hmac-sha2-256, hmac-sha1, umac-128@openssh.com, hmac-sha2-512
DEB [20251012-17:15:31.112] thr=3   paramiko.transport: client compress: none, zlib@openssh.com
DEB [20251012-17:15:31.112] thr=3   paramiko.transport: server compress: none, zlib@openssh.com
DEB [20251012-17:15:31.112] thr=3   paramiko.transport: client lang: <none>
DEB [20251012-17:15:31.113] thr=3   paramiko.transport: server lang: <none>
DEB [20251012-17:15:31.113] thr=3   paramiko.transport: kex follows: False
DEB [20251012-17:15:31.113] thr=3   paramiko.transport: === Key exchange agreements ===
DEB [20251012-17:15:31.113] thr=3   paramiko.transport: Strict kex mode: True
DEB [20251012-17:15:31.113] thr=3   paramiko.transport: Kex: curve25519-sha256@libssh.org
DEB [20251012-17:15:31.113] thr=3   paramiko.transport: HostKey: ssh-ed25519
DEB [20251012-17:15:31.113] thr=3   paramiko.transport: Cipher: aes128-ctr
DEB [20251012-17:15:31.113] thr=3   paramiko.transport: MAC: hmac-sha2-256
DEB [20251012-17:15:31.113] thr=3   paramiko.transport: Compression: none
DEB [20251012-17:15:31.113] thr=3   paramiko.transport: === End of kex handshake ===
DEB [20251012-17:15:31.131] thr=3   paramiko.transport: Resetting outbound seqno after NEWKEYS due to strict mode
DEB [20251012-17:15:31.131] thr=3   paramiko.transport: kex engine KexCurve25519 specified hash_algo <built-in function openssl_sha256>
DEB [20251012-17:15:31.131] thr=3   paramiko.transport: Switch to new keys ...
DEB [20251012-17:15:31.131] thr=3   paramiko.transport: Resetting inbound seqno after NEWKEYS due to strict mode
DEB [20251012-17:15:31.131] thr=2   paramiko.transport: Adding ssh-ed25519 host key for 10.0.4.10: b'10ca4a3c95856e287b0595772507a843'
DEB [20251012-17:15:31.131] thr=3   paramiko.transport: Got EXT_INFO: {'server-sig-algs': b'ssh-ed25519,ssh-rsa,rsa-sha2-256,rsa-sha2-512,ssh-dss,ecdsa-sha2-nistp256,ecdsa-sha2-nistp384,ecdsa-sha2-nistp521'}
DEB [20251012-17:15:31.132] thr=2   paramiko.transport: Trying SSH key b'39a62be910212a219b2bb2c50db12d21'
DEB [20251012-17:15:31.181] thr=3   paramiko.transport: userauth is OK
DEB [20251012-17:15:31.181] thr=3   paramiko.transport: Finalizing pubkey algorithm for key of type 'ssh-rsa'
DEB [20251012-17:15:31.181] thr=3   paramiko.transport: Our pubkey algorithm list: ['rsa-sha2-512', 'rsa-sha2-256', 'ssh-rsa']
DEB [20251012-17:15:31.181] thr=3   paramiko.transport: Server-side algorithm list: ['ssh-ed25519', 'ssh-rsa', 'rsa-sha2-256', 'rsa-sha2-512', 'ssh-dss', 'ecdsa-sha2-nistp256', 'ecdsa-sha2-nistp384', 'ecdsa-sha2-nistp521']
DEB [20251012-17:15:31.181] thr=3   paramiko.transport: Agreed upon 'rsa-sha2-512' pubkey algorithm
INF [20251012-17:15:31.205] thr=3   paramiko.transport: Authentication (publickey) failed.
DEB [20251012-17:41:06.528] thr=1   paramiko.transport: starting thread (client mode): 0x7048c50
DEB [20251012-17:41:06.528] thr=1   paramiko.transport: Local version/idstring: SSH-2.0-paramiko_3.5.1
DEB [20251012-17:41:06.555] thr=1   paramiko.transport: Remote version/idstring: SSH-2.0-OpenSSH_8.0
INF [20251012-17:41:06.555] thr=1   paramiko.transport: Connected (version 2.0, client OpenSSH_8.0)
DEB [20251012-17:41:06.560] thr=1   paramiko.transport: === Key exchange possibilities ===
DEB [20251012-17:41:06.560] thr=1   paramiko.transport: kex algos: curve25519-sha256, curve25519-sha256@libssh.org, ecdh-sha2-nistp256, ecdh-sha2-nistp384, ecdh-sha2-nistp521, diffie-hellman-group-exchange-sha256, diffie-hellman-group14-sha256, diffie-hellman-group16-sha512, diffie-hellman-group18-sha512, diffie-hellman-group-exchange-sha1, diffie-hellman-group14-sha1, kex-strict-s-v00@openssh.com
DEB [20251012-17:41:06.560] thr=1   paramiko.transport: server key: rsa-sha2-512, rsa-sha2-256, ssh-rsa, ecdsa-sha2-nistp256, ssh-ed25519
DEB [20251012-17:41:06.560] thr=1   paramiko.transport: client encrypt: aes256-gcm@openssh.com, chacha20-poly1305@openssh.com, aes256-ctr, aes256-cbc, aes128-gcm@openssh.com, aes128-ctr, aes128-cbc
DEB [20251012-17:41:06.560] thr=1   paramiko.transport: server encrypt: aes256-gcm@openssh.com, chacha20-poly1305@openssh.com, aes256-ctr, aes256-cbc, aes128-gcm@openssh.com, aes128-ctr, aes128-cbc
DEB [20251012-17:41:06.560] thr=1   paramiko.transport: client mac: hmac-sha2-256-etm@openssh.com, hmac-sha1-etm@openssh.com, umac-128-etm@openssh.com, hmac-sha2-512-etm@openssh.com, hmac-sha2-256, hmac-sha1, umac-128@openssh.com, hmac-sha2-512
DEB [20251012-17:41:06.560] thr=1   paramiko.transport: server mac: hmac-sha2-256-etm@openssh.com, hmac-sha1-etm@openssh.com, umac-128-etm@openssh.com, hmac-sha2-512-etm@openssh.com, hmac-sha2-256, hmac-sha1, umac-128@openssh.com, hmac-sha2-512
DEB [20251012-17:41:06.560] thr=1   paramiko.transport: client compress: none, zlib@openssh.com
DEB [20251012-17:41:06.560] thr=1   paramiko.transport: server compress: none, zlib@openssh.com
DEB [20251012-17:41:06.560] thr=1   paramiko.transport: client lang: <none>
DEB [20251012-17:41:06.560] thr=1   paramiko.transport: server lang: <none>
DEB [20251012-17:41:06.560] thr=1   paramiko.transport: kex follows: False
DEB [20251012-17:41:06.560] thr=1   paramiko.transport: === Key exchange agreements ===
DEB [20251012-17:41:06.560] thr=1   paramiko.transport: Strict kex mode: True
DEB [20251012-17:41:06.560] thr=1   paramiko.transport: Kex: curve25519-sha256@libssh.org
DEB [20251012-17:41:06.560] thr=1   paramiko.transport: HostKey: ssh-ed25519
DEB [20251012-17:41:06.560] thr=1   paramiko.transport: Cipher: aes128-ctr
DEB [20251012-17:41:06.560] thr=1   paramiko.transport: MAC: hmac-sha2-256
DEB [20251012-17:41:06.560] thr=1   paramiko.transport: Compression: none
DEB [20251012-17:41:06.560] thr=1   paramiko.transport: === End of kex handshake ===
DEB [20251012-17:41:06.618] thr=1   paramiko.transport: Resetting outbound seqno after NEWKEYS due to strict mode
DEB [20251012-17:41:06.618] thr=1   paramiko.transport: kex engine KexCurve25519 specified hash_algo <built-in function openssl_sha256>
DEB [20251012-17:41:06.618] thr=1   paramiko.transport: Switch to new keys ...
DEB [20251012-17:41:06.619] thr=1   paramiko.transport: Resetting inbound seqno after NEWKEYS due to strict mode
DEB [20251012-17:41:06.619] thr=2   paramiko.transport: Adding ssh-ed25519 host key for 10.0.4.177: b'7a45ccbb011a7d9de42e94537644aabb'
DEB [20251012-17:41:06.619] thr=1   paramiko.transport: Got EXT_INFO: {'server-sig-algs': b'ssh-ed25519,ssh-rsa,rsa-sha2-256,rsa-sha2-512,ssh-dss,ecdsa-sha2-nistp256,ecdsa-sha2-nistp384,ecdsa-sha2-nistp521'}
DEB [20251012-17:41:06.619] thr=2   paramiko.transport: Trying SSH key b'39a62be910212a219b2bb2c50db12d21'
DEB [20251012-17:41:06.666] thr=1   paramiko.transport: userauth is OK
DEB [20251012-17:41:06.666] thr=1   paramiko.transport: Finalizing pubkey algorithm for key of type 'ssh-rsa'
DEB [20251012-17:41:06.666] thr=1   paramiko.transport: Our pubkey algorithm list: ['rsa-sha2-512', 'rsa-sha2-256', 'ssh-rsa']
DEB [20251012-17:41:06.666] thr=1   paramiko.transport: Server-side algorithm list: ['ssh-ed25519', 'ssh-rsa', 'rsa-sha2-256', 'rsa-sha2-512', 'ssh-dss', 'ecdsa-sha2-nistp256', 'ecdsa-sha2-nistp384', 'ecdsa-sha2-nistp521']
DEB [20251012-17:41:06.666] thr=1   paramiko.transport: Agreed upon 'rsa-sha2-512' pubkey algorithm
INF [20251012-17:41:06.693] thr=1   paramiko.transport: Authentication (publickey) failed.
DEB [20251012-17:41:07.029] thr=1   paramiko.transport: EOF in transport thread
DEB [20251012-17:41:07.034] thr=3   paramiko.transport: starting thread (client mode): 0x702eae0
DEB [20251012-17:41:07.034] thr=3   paramiko.transport: Local version/idstring: SSH-2.0-paramiko_3.5.1
DEB [20251012-17:41:07.065] thr=3   paramiko.transport: Remote version/idstring: SSH-2.0-OpenSSH_8.0
INF [20251012-17:41:07.065] thr=3   paramiko.transport: Connected (version 2.0, client OpenSSH_8.0)
DEB [20251012-17:41:07.075] thr=3   paramiko.transport: === Key exchange possibilities ===
DEB [20251012-17:41:07.075] thr=3   paramiko.transport: kex algos: curve25519-sha256, curve25519-sha256@libssh.org, ecdh-sha2-nistp256, ecdh-sha2-nistp384, ecdh-sha2-nistp521, diffie-hellman-group-exchange-sha256, diffie-hellman-group14-sha256, diffie-hellman-group16-sha512, diffie-hellman-group18-sha512, diffie-hellman-group-exchange-sha1, diffie-hellman-group14-sha1, kex-strict-s-v00@openssh.com
DEB [20251012-17:41:07.075] thr=3   paramiko.transport: server key: rsa-sha2-512, rsa-sha2-256, ssh-rsa, ecdsa-sha2-nistp256, ssh-ed25519
DEB [20251012-17:41:07.075] thr=3   paramiko.transport: client encrypt: aes256-gcm@openssh.com, chacha20-poly1305@openssh.com, aes256-ctr, aes256-cbc, aes128-gcm@openssh.com, aes128-ctr, aes128-cbc
DEB [20251012-17:41:07.075] thr=3   paramiko.transport: server encrypt: aes256-gcm@openssh.com, chacha20-poly1305@openssh.com, aes256-ctr, aes256-cbc, aes128-gcm@openssh.com, aes128-ctr, aes128-cbc
DEB [20251012-17:41:07.075] thr=3   paramiko.transport: client mac: hmac-sha2-256-etm@openssh.com, hmac-sha1-etm@openssh.com, umac-128-etm@openssh.com, hmac-sha2-512-etm@openssh.com, hmac-sha2-256, hmac-sha1, umac-128@openssh.com, hmac-sha2-512
DEB [20251012-17:41:07.075] thr=3   paramiko.transport: server mac: hmac-sha2-256-etm@openssh.com, hmac-sha1-etm@openssh.com, umac-128-etm@openssh.com, hmac-sha2-512-etm@openssh.com, hmac-sha2-256, hmac-sha1, umac-128@openssh.com, hmac-sha2-512
DEB [20251012-17:41:07.075] thr=3   paramiko.transport: client compress: none, zlib@openssh.com
DEB [20251012-17:41:07.075] thr=3   paramiko.transport: server compress: none, zlib@openssh.com
DEB [20251012-17:41:07.075] thr=3   paramiko.transport: client lang: <none>
DEB [20251012-17:41:07.075] thr=3   paramiko.transport: server lang: <none>
DEB [20251012-17:41:07.075] thr=3   paramiko.transport: kex follows: False
DEB [20251012-17:41:07.075] thr=3   paramiko.transport: === Key exchange agreements ===
DEB [20251012-17:41:07.075] thr=3   paramiko.transport: Strict kex mode: True
DEB [20251012-17:41:07.075] thr=3   paramiko.transport: Kex: curve25519-sha256@libssh.org
DEB [20251012-17:41:07.075] thr=3   paramiko.transport: HostKey: ssh-ed25519
DEB [20251012-17:41:07.075] thr=3   paramiko.transport: Cipher: aes128-ctr
DEB [20251012-17:41:07.075] thr=3   paramiko.transport: MAC: hmac-sha2-256
DEB [20251012-17:41:07.075] thr=3   paramiko.transport: Compression: none
DEB [20251012-17:41:07.075] thr=3   paramiko.transport: === End of kex handshake ===
DEB [20251012-17:41:07.093] thr=3   paramiko.transport: Resetting outbound seqno after NEWKEYS due to strict mode
DEB [20251012-17:41:07.093] thr=3   paramiko.transport: kex engine KexCurve25519 specified hash_algo <built-in function openssl_sha256>
DEB [20251012-17:41:07.093] thr=3   paramiko.transport: Switch to new keys ...
DEB [20251012-17:41:07.094] thr=3   paramiko.transport: Resetting inbound seqno after NEWKEYS due to strict mode
DEB [20251012-17:41:07.094] thr=2   paramiko.transport: Adding ssh-ed25519 host key for 10.0.4.10: b'10ca4a3c95856e287b0595772507a843'
DEB [20251012-17:41:07.094] thr=3   paramiko.transport: Got EXT_INFO: {'server-sig-algs': b'ssh-ed25519,ssh-rsa,rsa-sha2-256,rsa-sha2-512,ssh-dss,ecdsa-sha2-nistp256,ecdsa-sha2-nistp384,ecdsa-sha2-nistp521'}
DEB [20251012-17:41:07.094] thr=2   paramiko.transport: Trying SSH key b'39a62be910212a219b2bb2c50db12d21'
DEB [20251012-17:41:07.142] thr=3   paramiko.transport: userauth is OK
DEB [20251012-17:41:07.142] thr=3   paramiko.transport: Finalizing pubkey algorithm for key of type 'ssh-rsa'
DEB [20251012-17:41:07.143] thr=3   paramiko.transport: Our pubkey algorithm list: ['rsa-sha2-512', 'rsa-sha2-256', 'ssh-rsa']
DEB [20251012-17:41:07.143] thr=3   paramiko.transport: Server-side algorithm list: ['ssh-ed25519', 'ssh-rsa', 'rsa-sha2-256', 'rsa-sha2-512', 'ssh-dss', 'ecdsa-sha2-nistp256', 'ecdsa-sha2-nistp384', 'ecdsa-sha2-nistp521']
DEB [20251012-17:41:07.143] thr=3   paramiko.transport: Agreed upon 'rsa-sha2-512' pubkey algorithm
INF [20251012-17:41:07.166] thr=3   paramiko.transport: Authentication (publickey) failed.
DEB [20251012-17:42:29.447] thr=1   paramiko.transport: starting thread (client mode): 0x6f10770
DEB [20251012-17:42:29.447] thr=1   paramiko.transport: Local version/idstring: SSH-2.0-paramiko_3.5.1
DEB [20251012-17:42:29.474] thr=1   paramiko.transport: Remote version/idstring: SSH-2.0-OpenSSH_8.0
INF [20251012-17:42:29.474] thr=1   paramiko.transport: Connected (version 2.0, client OpenSSH_8.0)
DEB [20251012-17:42:29.478] thr=1   paramiko.transport: === Key exchange possibilities ===
DEB [20251012-17:42:29.478] thr=1   paramiko.transport: kex algos: curve25519-sha256, curve25519-sha256@libssh.org, ecdh-sha2-nistp256, ecdh-sha2-nistp384, ecdh-sha2-nistp521, diffie-hellman-group-exchange-sha256, diffie-hellman-group14-sha256, diffie-hellman-group16-sha512, diffie-hellman-group18-sha512, diffie-hellman-group-exchange-sha1, diffie-hellman-group14-sha1, kex-strict-s-v00@openssh.com
DEB [20251012-17:42:29.478] thr=1   paramiko.transport: server key: rsa-sha2-512, rsa-sha2-256, ssh-rsa, ecdsa-sha2-nistp256, ssh-ed25519
DEB [20251012-17:42:29.478] thr=1   paramiko.transport: client encrypt: aes256-gcm@openssh.com, chacha20-poly1305@openssh.com, aes256-ctr, aes256-cbc, aes128-gcm@openssh.com, aes128-ctr, aes128-cbc
DEB [20251012-17:42:29.478] thr=1   paramiko.transport: server encrypt: aes256-gcm@openssh.com, chacha20-poly1305@openssh.com, aes256-ctr, aes256-cbc, aes128-gcm@openssh.com, aes128-ctr, aes128-cbc
DEB [20251012-17:42:29.478] thr=1   paramiko.transport: client mac: hmac-sha2-256-etm@openssh.com, hmac-sha1-etm@openssh.com, umac-128-etm@openssh.com, hmac-sha2-512-etm@openssh.com, hmac-sha2-256, hmac-sha1, umac-128@openssh.com, hmac-sha2-512
DEB [20251012-17:42:29.478] thr=1   paramiko.transport: server mac: hmac-sha2-256-etm@openssh.com, hmac-sha1-etm@openssh.com, umac-128-etm@openssh.com, hmac-sha2-512-etm@openssh.com, hmac-sha2-256, hmac-sha1, umac-128@openssh.com, hmac-sha2-512
DEB [20251012-17:42:29.478] thr=1   paramiko.transport: client compress: none, zlib@openssh.com
DEB [20251012-17:42:29.478] thr=1   paramiko.transport: server compress: none, zlib@openssh.com
DEB [20251012-17:42:29.478] thr=1   paramiko.transport: client lang: <none>
DEB [20251012-17:42:29.478] thr=1   paramiko.transport: server lang: <none>
DEB [20251012-17:42:29.478] thr=1   paramiko.transport: kex follows: False
DEB [20251012-17:42:29.478] thr=1   paramiko.transport: === Key exchange agreements ===
DEB [20251012-17:42:29.478] thr=1   paramiko.transport: Strict kex mode: True
DEB [20251012-17:42:29.478] thr=1   paramiko.transport: Kex: curve25519-sha256@libssh.org
DEB [20251012-17:42:29.478] thr=1   paramiko.transport: HostKey: ssh-ed25519
DEB [20251012-17:42:29.478] thr=1   paramiko.transport: Cipher: aes128-ctr
DEB [20251012-17:42:29.478] thr=1   paramiko.transport: MAC: hmac-sha2-256
DEB [20251012-17:42:29.478] thr=1   paramiko.transport: Compression: none
DEB [20251012-17:42:29.478] thr=1   paramiko.transport: === End of kex handshake ===
DEB [20251012-17:42:29.581] thr=1   paramiko.transport: Resetting outbound seqno after NEWKEYS due to strict mode
DEB [20251012-17:42:29.581] thr=1   paramiko.transport: kex engine KexCurve25519 specified hash_algo <built-in function openssl_sha256>
DEB [20251012-17:42:29.581] thr=1   paramiko.transport: Switch to new keys ...
DEB [20251012-17:42:29.581] thr=1   paramiko.transport: Resetting inbound seqno after NEWKEYS due to strict mode
DEB [20251012-17:42:29.582] thr=2   paramiko.transport: Adding ssh-ed25519 host key for 10.0.4.177: b'7a45ccbb011a7d9de42e94537644aabb'
DEB [20251012-17:42:29.582] thr=1   paramiko.transport: Got EXT_INFO: {'server-sig-algs': b'ssh-ed25519,ssh-rsa,rsa-sha2-256,rsa-sha2-512,ssh-dss,ecdsa-sha2-nistp256,ecdsa-sha2-nistp384,ecdsa-sha2-nistp521'}
DEB [20251012-17:42:29.582] thr=2   paramiko.transport: Trying SSH key b'39a62be910212a219b2bb2c50db12d21'
DEB [20251012-17:42:29.628] thr=1   paramiko.transport: userauth is OK
DEB [20251012-17:42:29.629] thr=1   paramiko.transport: Finalizing pubkey algorithm for key of type 'ssh-rsa'
DEB [20251012-17:42:29.629] thr=1   paramiko.transport: Our pubkey algorithm list: ['rsa-sha2-512', 'rsa-sha2-256', 'ssh-rsa']
DEB [20251012-17:42:29.629] thr=1   paramiko.transport: Server-side algorithm list: ['ssh-ed25519', 'ssh-rsa', 'rsa-sha2-256', 'rsa-sha2-512', 'ssh-dss', 'ecdsa-sha2-nistp256', 'ecdsa-sha2-nistp384', 'ecdsa-sha2-nistp521']
DEB [20251012-17:42:29.629] thr=1   paramiko.transport: Agreed upon 'rsa-sha2-512' pubkey algorithm
INF [20251012-17:42:29.648] thr=1   paramiko.transport: Authentication (publickey) failed.
DEB [20251012-17:42:30.042] thr=3   paramiko.transport: starting thread (client mode): 0x6f26ae0
DEB [20251012-17:42:30.042] thr=3   paramiko.transport: Local version/idstring: SSH-2.0-paramiko_3.5.1
DEB [20251012-17:42:30.069] thr=3   paramiko.transport: Remote version/idstring: SSH-2.0-OpenSSH_8.0
INF [20251012-17:42:30.069] thr=3   paramiko.transport: Connected (version 2.0, client OpenSSH_8.0)
DEB [20251012-17:42:30.073] thr=3   paramiko.transport: === Key exchange possibilities ===
DEB [20251012-17:42:30.073] thr=3   paramiko.transport: kex algos: curve25519-sha256, curve25519-sha256@libssh.org, ecdh-sha2-nistp256, ecdh-sha2-nistp384, ecdh-sha2-nistp521, diffie-hellman-group-exchange-sha256, diffie-hellman-group14-sha256, diffie-hellman-group16-sha512, diffie-hellman-group18-sha512, diffie-hellman-group-exchange-sha1, diffie-hellman-group14-sha1, kex-strict-s-v00@openssh.com
DEB [20251012-17:42:30.073] thr=3   paramiko.transport: server key: rsa-sha2-512, rsa-sha2-256, ssh-rsa, ecdsa-sha2-nistp256, ssh-ed25519
DEB [20251012-17:42:30.073] thr=3   paramiko.transport: client encrypt: aes256-gcm@openssh.com, chacha20-poly1305@openssh.com, aes256-ctr, aes256-cbc, aes128-gcm@openssh.com, aes128-ctr, aes128-cbc
DEB [20251012-17:42:30.073] thr=3   paramiko.transport: server encrypt: aes256-gcm@openssh.com, chacha20-poly1305@openssh.com, aes256-ctr, aes256-cbc, aes128-gcm@openssh.com, aes128-ctr, aes128-cbc
DEB [20251012-17:42:30.073] thr=3   paramiko.transport: client mac: hmac-sha2-256-etm@openssh.com, hmac-sha1-etm@openssh.com, umac-128-etm@openssh.com, hmac-sha2-512-etm@openssh.com, hmac-sha2-256, hmac-sha1, umac-128@openssh.com, hmac-sha2-512
DEB [20251012-17:42:30.073] thr=3   paramiko.transport: server mac: hmac-sha2-256-etm@openssh.com, hmac-sha1-etm@openssh.com, umac-128-etm@openssh.com, hmac-sha2-512-etm@openssh.com, hmac-sha2-256, hmac-sha1, umac-128@openssh.com, hmac-sha2-512
DEB [20251012-17:42:30.073] thr=3   paramiko.transport: client compress: none, zlib@openssh.com
DEB [20251012-17:42:30.073] thr=3   paramiko.transport: server compress: none, zlib@openssh.com
DEB [20251012-17:42:30.073] thr=3   paramiko.transport: client lang: <none>
DEB [20251012-17:42:30.073] thr=3   paramiko.transport: server lang: <none>
DEB [20251012-17:42:30.073] thr=3   paramiko.transport: kex follows: False
DEB [20251012-17:42:30.073] thr=3   paramiko.transport: === Key exchange agreements ===
DEB [20251012-17:42:30.073] thr=3   paramiko.transport: Strict kex mode: True
DEB [20251012-17:42:30.073] thr=3   paramiko.transport: Kex: curve25519-sha256@libssh.org
DEB [20251012-17:42:30.073] thr=3   paramiko.transport: HostKey: ssh-ed25519
DEB [20251012-17:42:30.073] thr=3   paramiko.transport: Cipher: aes128-ctr
DEB [20251012-17:42:30.073] thr=3   paramiko.transport: MAC: hmac-sha2-256
DEB [20251012-17:42:30.073] thr=3   paramiko.transport: Compression: none
DEB [20251012-17:42:30.073] thr=3   paramiko.transport: === End of kex handshake ===
DEB [20251012-17:42:30.156] thr=3   paramiko.transport: Resetting outbound seqno after NEWKEYS due to strict mode
DEB [20251012-17:42:30.156] thr=3   paramiko.transport: kex engine KexCurve25519 specified hash_algo <built-in function openssl_sha256>
DEB [20251012-17:42:30.156] thr=3   paramiko.transport: Switch to new keys ...
DEB [20251012-17:42:30.156] thr=3   paramiko.transport: Resetting inbound seqno after NEWKEYS due to strict mode
DEB [20251012-17:42:30.156] thr=2   paramiko.transport: Adding ssh-ed25519 host key for 10.0.4.10: b'10ca4a3c95856e287b0595772507a843'
DEB [20251012-17:42:30.156] thr=3   paramiko.transport: Got EXT_INFO: {'server-sig-algs': b'ssh-ed25519,ssh-rsa,rsa-sha2-256,rsa-sha2-512,ssh-dss,ecdsa-sha2-nistp256,ecdsa-sha2-nistp384,ecdsa-sha2-nistp521'}
DEB [20251012-17:42:30.157] thr=2   paramiko.transport: Trying SSH key b'39a62be910212a219b2bb2c50db12d21'
DEB [20251012-17:42:30.466] thr=3   paramiko.transport: userauth is OK
DEB [20251012-17:42:30.466] thr=3   paramiko.transport: Finalizing pubkey algorithm for key of type 'ssh-rsa'
DEB [20251012-17:42:30.466] thr=3   paramiko.transport: Our pubkey algorithm list: ['rsa-sha2-512', 'rsa-sha2-256', 'ssh-rsa']
DEB [20251012-17:42:30.466] thr=3   paramiko.transport: Server-side algorithm list: ['ssh-ed25519', 'ssh-rsa', 'rsa-sha2-256', 'rsa-sha2-512', 'ssh-dss', 'ecdsa-sha2-nistp256', 'ecdsa-sha2-nistp384', 'ecdsa-sha2-nistp521']
DEB [20251012-17:42:30.466] thr=3   paramiko.transport: Agreed upon 'rsa-sha2-512' pubkey algorithm
INF [20251012-17:42:30.489] thr=3   paramiko.transport: Authentication (publickey) failed.
DEB [20251012-17:43:32.733] thr=1   paramiko.transport: starting thread (client mode): 0x8963590
DEB [20251012-17:43:32.734] thr=1   paramiko.transport: Local version/idstring: SSH-2.0-paramiko_3.5.1
DEB [20251012-17:43:32.758] thr=1   paramiko.transport: Remote version/idstring: SSH-2.0-OpenSSH_8.0
INF [20251012-17:43:32.759] thr=1   paramiko.transport: Connected (version 2.0, client OpenSSH_8.0)
DEB [20251012-17:43:32.764] thr=1   paramiko.transport: === Key exchange possibilities ===
DEB [20251012-17:43:32.764] thr=1   paramiko.transport: kex algos: curve25519-sha256, curve25519-sha256@libssh.org, ecdh-sha2-nistp256, ecdh-sha2-nistp384, ecdh-sha2-nistp521, diffie-hellman-group-exchange-sha256, diffie-hellman-group14-sha256, diffie-hellman-group16-sha512, diffie-hellman-group18-sha512, diffie-hellman-group-exchange-sha1, diffie-hellman-group14-sha1, kex-strict-s-v00@openssh.com
DEB [20251012-17:43:32.764] thr=1   paramiko.transport: server key: rsa-sha2-512, rsa-sha2-256, ssh-rsa, ecdsa-sha2-nistp256, ssh-ed25519
DEB [20251012-17:43:32.764] thr=1   paramiko.transport: client encrypt: aes256-gcm@openssh.com, chacha20-poly1305@openssh.com, aes256-ctr, aes256-cbc, aes128-gcm@openssh.com, aes128-ctr, aes128-cbc
DEB [20251012-17:43:32.764] thr=1   paramiko.transport: server encrypt: aes256-gcm@openssh.com, chacha20-poly1305@openssh.com, aes256-ctr, aes256-cbc, aes128-gcm@openssh.com, aes128-ctr, aes128-cbc
DEB [20251012-17:43:32.764] thr=1   paramiko.transport: client mac: hmac-sha2-256-etm@openssh.com, hmac-sha1-etm@openssh.com, umac-128-etm@openssh.com, hmac-sha2-512-etm@openssh.com, hmac-sha2-256, hmac-sha1, umac-128@openssh.com, hmac-sha2-512
DEB [20251012-17:43:32.764] thr=1   paramiko.transport: server mac: hmac-sha2-256-etm@openssh.com, hmac-sha1-etm@openssh.com, umac-128-etm@openssh.com, hmac-sha2-512-etm@openssh.com, hmac-sha2-256, hmac-sha1, umac-128@openssh.com, hmac-sha2-512
DEB [20251012-17:43:32.764] thr=1   paramiko.transport: client compress: none, zlib@openssh.com
DEB [20251012-17:43:32.764] thr=1   paramiko.transport: server compress: none, zlib@openssh.com
DEB [20251012-17:43:32.764] thr=1   paramiko.transport: client lang: <none>
DEB [20251012-17:43:32.764] thr=1   paramiko.transport: server lang: <none>
DEB [20251012-17:43:32.764] thr=1   paramiko.transport: kex follows: False
DEB [20251012-17:43:32.765] thr=1   paramiko.transport: === Key exchange agreements ===
DEB [20251012-17:43:32.765] thr=1   paramiko.transport: Strict kex mode: True
DEB [20251012-17:43:32.765] thr=1   paramiko.transport: Kex: curve25519-sha256@libssh.org
DEB [20251012-17:43:32.765] thr=1   paramiko.transport: HostKey: ssh-ed25519
DEB [20251012-17:43:32.765] thr=1   paramiko.transport: Cipher: aes128-ctr
DEB [20251012-17:43:32.765] thr=1   paramiko.transport: MAC: hmac-sha2-256
DEB [20251012-17:43:32.765] thr=1   paramiko.transport: Compression: none
DEB [20251012-17:43:32.765] thr=1   paramiko.transport: === End of kex handshake ===
DEB [20251012-17:43:32.821] thr=1   paramiko.transport: Resetting outbound seqno after NEWKEYS due to strict mode
DEB [20251012-17:43:32.821] thr=1   paramiko.transport: kex engine KexCurve25519 specified hash_algo <built-in function openssl_sha256>
DEB [20251012-17:43:32.822] thr=1   paramiko.transport: Switch to new keys ...
DEB [20251012-17:43:32.822] thr=1   paramiko.transport: Resetting inbound seqno after NEWKEYS due to strict mode
DEB [20251012-17:43:32.822] thr=2   paramiko.transport: Adding ssh-ed25519 host key for 10.0.4.177: b'7a45ccbb011a7d9de42e94537644aabb'
DEB [20251012-17:43:32.822] thr=1   paramiko.transport: Got EXT_INFO: {'server-sig-algs': b'ssh-ed25519,ssh-rsa,rsa-sha2-256,rsa-sha2-512,ssh-dss,ecdsa-sha2-nistp256,ecdsa-sha2-nistp384,ecdsa-sha2-nistp521'}
DEB [20251012-17:43:32.822] thr=2   paramiko.transport: Trying SSH key b'39a62be910212a219b2bb2c50db12d21'
DEB [20251012-17:43:32.871] thr=1   paramiko.transport: userauth is OK
DEB [20251012-17:43:32.871] thr=1   paramiko.transport: Finalizing pubkey algorithm for key of type 'ssh-rsa'
DEB [20251012-17:43:32.871] thr=1   paramiko.transport: Our pubkey algorithm list: ['rsa-sha2-512', 'rsa-sha2-256', 'ssh-rsa']
DEB [20251012-17:43:32.871] thr=1   paramiko.transport: Server-side algorithm list: ['ssh-ed25519', 'ssh-rsa', 'rsa-sha2-256', 'rsa-sha2-512', 'ssh-dss', 'ecdsa-sha2-nistp256', 'ecdsa-sha2-nistp384', 'ecdsa-sha2-nistp521']
DEB [20251012-17:43:32.871] thr=1   paramiko.transport: Agreed upon 'rsa-sha2-512' pubkey algorithm
INF [20251012-17:43:32.892] thr=1   paramiko.transport: Authentication (publickey) failed.
DEB [20251012-17:43:33.220] thr=3   paramiko.transport: starting thread (client mode): 0x89ba450
DEB [20251012-17:43:33.220] thr=3   paramiko.transport: Local version/idstring: SSH-2.0-paramiko_3.5.1
DEB [20251012-17:43:33.248] thr=3   paramiko.transport: Remote version/idstring: SSH-2.0-OpenSSH_8.0
INF [20251012-17:43:33.248] thr=3   paramiko.transport: Connected (version 2.0, client OpenSSH_8.0)
DEB [20251012-17:43:33.252] thr=3   paramiko.transport: === Key exchange possibilities ===
DEB [20251012-17:43:33.252] thr=3   paramiko.transport: kex algos: curve25519-sha256, curve25519-sha256@libssh.org, ecdh-sha2-nistp256, ecdh-sha2-nistp384, ecdh-sha2-nistp521, diffie-hellman-group-exchange-sha256, diffie-hellman-group14-sha256, diffie-hellman-group16-sha512, diffie-hellman-group18-sha512, diffie-hellman-group-exchange-sha1, diffie-hellman-group14-sha1, kex-strict-s-v00@openssh.com
DEB [20251012-17:43:33.252] thr=3   paramiko.transport: server key: rsa-sha2-512, rsa-sha2-256, ssh-rsa, ecdsa-sha2-nistp256, ssh-ed25519
DEB [20251012-17:43:33.252] thr=3   paramiko.transport: client encrypt: aes256-gcm@openssh.com, chacha20-poly1305@openssh.com, aes256-ctr, aes256-cbc, aes128-gcm@openssh.com, aes128-ctr, aes128-cbc
DEB [20251012-17:43:33.252] thr=3   paramiko.transport: server encrypt: aes256-gcm@openssh.com, chacha20-poly1305@openssh.com, aes256-ctr, aes256-cbc, aes128-gcm@openssh.com, aes128-ctr, aes128-cbc
DEB [20251012-17:43:33.252] thr=3   paramiko.transport: client mac: hmac-sha2-256-etm@openssh.com, hmac-sha1-etm@openssh.com, umac-128-etm@openssh.com, hmac-sha2-512-etm@openssh.com, hmac-sha2-256, hmac-sha1, umac-128@openssh.com, hmac-sha2-512
DEB [20251012-17:43:33.252] thr=3   paramiko.transport: server mac: hmac-sha2-256-etm@openssh.com, hmac-sha1-etm@openssh.com, umac-128-etm@openssh.com, hmac-sha2-512-etm@openssh.com, hmac-sha2-256, hmac-sha1, umac-128@openssh.com, hmac-sha2-512
DEB [20251012-17:43:33.252] thr=3   paramiko.transport: client compress: none, zlib@openssh.com
DEB [20251012-17:43:33.252] thr=3   paramiko.transport: server compress: none, zlib@openssh.com
DEB [20251012-17:43:33.252] thr=3   paramiko.transport: client lang: <none>
DEB [20251012-17:43:33.253] thr=3   paramiko.transport: server lang: <none>
DEB [20251012-17:43:33.253] thr=3   paramiko.transport: kex follows: False
DEB [20251012-17:43:33.253] thr=3   paramiko.transport: === Key exchange agreements ===
DEB [20251012-17:43:33.253] thr=3   paramiko.transport: Strict kex mode: True
DEB [20251012-17:43:33.253] thr=3   paramiko.transport: Kex: curve25519-sha256@libssh.org
DEB [20251012-17:43:33.253] thr=3   paramiko.transport: HostKey: ssh-ed25519
DEB [20251012-17:43:33.253] thr=3   paramiko.transport: Cipher: aes128-ctr
DEB [20251012-17:43:33.253] thr=3   paramiko.transport: MAC: hmac-sha2-256
DEB [20251012-17:43:33.253] thr=3   paramiko.transport: Compression: none
DEB [20251012-17:43:33.253] thr=3   paramiko.transport: === End of kex handshake ===
DEB [20251012-17:43:33.311] thr=3   paramiko.transport: Resetting outbound seqno after NEWKEYS due to strict mode
DEB [20251012-17:43:33.311] thr=3   paramiko.transport: kex engine KexCurve25519 specified hash_algo <built-in function openssl_sha256>
DEB [20251012-17:43:33.311] thr=3   paramiko.transport: Switch to new keys ...
DEB [20251012-17:43:33.311] thr=3   paramiko.transport: Resetting inbound seqno after NEWKEYS due to strict mode
DEB [20251012-17:43:33.311] thr=2   paramiko.transport: Adding ssh-ed25519 host key for 10.0.4.10: b'10ca4a3c95856e287b0595772507a843'
DEB [20251012-17:43:33.312] thr=3   paramiko.transport: Got EXT_INFO: {'server-sig-algs': b'ssh-ed25519,ssh-rsa,rsa-sha2-256,rsa-sha2-512,ssh-dss,ecdsa-sha2-nistp256,ecdsa-sha2-nistp384,ecdsa-sha2-nistp521'}
DEB [20251012-17:43:33.312] thr=2   paramiko.transport: Trying SSH key b'39a62be910212a219b2bb2c50db12d21'
DEB [20251012-17:43:33.361] thr=3   paramiko.transport: userauth is OK
DEB [20251012-17:43:33.361] thr=3   paramiko.transport: Finalizing pubkey algorithm for key of type 'ssh-rsa'
DEB [20251012-17:43:33.362] thr=3   paramiko.transport: Our pubkey algorithm list: ['rsa-sha2-512', 'rsa-sha2-256', 'ssh-rsa']
DEB [20251012-17:43:33.362] thr=3   paramiko.transport: Server-side algorithm list: ['ssh-ed25519', 'ssh-rsa', 'rsa-sha2-256', 'rsa-sha2-512', 'ssh-dss', 'ecdsa-sha2-nistp256', 'ecdsa-sha2-nistp384', 'ecdsa-sha2-nistp521']
DEB [20251012-17:43:33.362] thr=3   paramiko.transport: Agreed upon 'rsa-sha2-512' pubkey algorithm
INF [20251012-17:43:33.385] thr=3   paramiko.transport: Authentication (publickey) failed.
DEB [20251012-17:45:09.376] thr=1   paramiko.transport: starting thread (client mode): 0x8995b20
DEB [20251012-17:45:09.377] thr=1   paramiko.transport: Local version/idstring: SSH-2.0-paramiko_3.5.1
DEB [20251012-17:45:09.402] thr=1   paramiko.transport: Remote version/idstring: SSH-2.0-OpenSSH_8.0
INF [20251012-17:45:09.402] thr=1   paramiko.transport: Connected (version 2.0, client OpenSSH_8.0)
DEB [20251012-17:45:09.405] thr=1   paramiko.transport: === Key exchange possibilities ===
DEB [20251012-17:45:09.405] thr=1   paramiko.transport: kex algos: curve25519-sha256, curve25519-sha256@libssh.org, ecdh-sha2-nistp256, ecdh-sha2-nistp384, ecdh-sha2-nistp521, diffie-hellman-group-exchange-sha256, diffie-hellman-group14-sha256, diffie-hellman-group16-sha512, diffie-hellman-group18-sha512, diffie-hellman-group-exchange-sha1, diffie-hellman-group14-sha1, kex-strict-s-v00@openssh.com
DEB [20251012-17:45:09.405] thr=1   paramiko.transport: server key: rsa-sha2-512, rsa-sha2-256, ssh-rsa, ecdsa-sha2-nistp256, ssh-ed25519
DEB [20251012-17:45:09.405] thr=1   paramiko.transport: client encrypt: aes256-gcm@openssh.com, chacha20-poly1305@openssh.com, aes256-ctr, aes256-cbc, aes128-gcm@openssh.com, aes128-ctr, aes128-cbc
DEB [20251012-17:45:09.405] thr=1   paramiko.transport: server encrypt: aes256-gcm@openssh.com, chacha20-poly1305@openssh.com, aes256-ctr, aes256-cbc, aes128-gcm@openssh.com, aes128-ctr, aes128-cbc
DEB [20251012-17:45:09.405] thr=1   paramiko.transport: client mac: hmac-sha2-256-etm@openssh.com, hmac-sha1-etm@openssh.com, umac-128-etm@openssh.com, hmac-sha2-512-etm@openssh.com, hmac-sha2-256, hmac-sha1, umac-128@openssh.com, hmac-sha2-512
DEB [20251012-17:45:09.405] thr=1   paramiko.transport: server mac: hmac-sha2-256-etm@openssh.com, hmac-sha1-etm@openssh.com, umac-128-etm@openssh.com, hmac-sha2-512-etm@openssh.com, hmac-sha2-256, hmac-sha1, umac-128@openssh.com, hmac-sha2-512
DEB [20251012-17:45:09.405] thr=1   paramiko.transport: client compress: none, zlib@openssh.com
DEB [20251012-17:45:09.405] thr=1   paramiko.transport: server compress: none, zlib@openssh.com
DEB [20251012-17:45:09.405] thr=1   paramiko.transport: client lang: <none>
DEB [20251012-17:45:09.405] thr=1   paramiko.transport: server lang: <none>
DEB [20251012-17:45:09.405] thr=1   paramiko.transport: kex follows: False
DEB [20251012-17:45:09.405] thr=1   paramiko.transport: === Key exchange agreements ===
DEB [20251012-17:45:09.405] thr=1   paramiko.transport: Strict kex mode: True
DEB [20251012-17:45:09.405] thr=1   paramiko.transport: Kex: curve25519-sha256@libssh.org
DEB [20251012-17:45:09.405] thr=1   paramiko.transport: HostKey: ssh-ed25519
DEB [20251012-17:45:09.405] thr=1   paramiko.transport: Cipher: aes128-ctr
DEB [20251012-17:45:09.405] thr=1   paramiko.transport: MAC: hmac-sha2-256
DEB [20251012-17:45:09.405] thr=1   paramiko.transport: Compression: none
DEB [20251012-17:45:09.405] thr=1   paramiko.transport: === End of kex handshake ===
DEB [20251012-17:45:09.463] thr=1   paramiko.transport: Resetting outbound seqno after NEWKEYS due to strict mode
DEB [20251012-17:45:09.463] thr=1   paramiko.transport: kex engine KexCurve25519 specified hash_algo <built-in function openssl_sha256>
DEB [20251012-17:45:09.463] thr=1   paramiko.transport: Switch to new keys ...
DEB [20251012-17:45:09.463] thr=1   paramiko.transport: Resetting inbound seqno after NEWKEYS due to strict mode
DEB [20251012-17:45:09.464] thr=2   paramiko.transport: Adding ssh-ed25519 host key for 10.0.4.177: b'7a45ccbb011a7d9de42e94537644aabb'
DEB [20251012-17:45:09.464] thr=1   paramiko.transport: Got EXT_INFO: {'server-sig-algs': b'ssh-ed25519,ssh-rsa,rsa-sha2-256,rsa-sha2-512,ssh-dss,ecdsa-sha2-nistp256,ecdsa-sha2-nistp384,ecdsa-sha2-nistp521'}
DEB [20251012-17:45:09.464] thr=2   paramiko.transport: Trying SSH key b'39a62be910212a219b2bb2c50db12d21'
DEB [20251012-17:45:09.511] thr=1   paramiko.transport: userauth is OK
DEB [20251012-17:45:09.511] thr=1   paramiko.transport: Finalizing pubkey algorithm for key of type 'ssh-rsa'
DEB [20251012-17:45:09.511] thr=1   paramiko.transport: Our pubkey algorithm list: ['rsa-sha2-512', 'rsa-sha2-256', 'ssh-rsa']
DEB [20251012-17:45:09.511] thr=1   paramiko.transport: Server-side algorithm list: ['ssh-ed25519', 'ssh-rsa', 'rsa-sha2-256', 'rsa-sha2-512', 'ssh-dss', 'ecdsa-sha2-nistp256', 'ecdsa-sha2-nistp384', 'ecdsa-sha2-nistp521']
DEB [20251012-17:45:09.511] thr=1   paramiko.transport: Agreed upon 'rsa-sha2-512' pubkey algorithm
INF [20251012-17:45:09.554] thr=1   paramiko.transport: Authentication (publickey) successful!
DEB [20251012-17:45:09.554] thr=2   paramiko.transport: [chan 0] Max packet in: 32768 bytes
DEB [20251012-17:45:09.587] thr=1   paramiko.transport: Received global request "hostkeys-00@openssh.com"
DEB [20251012-17:45:09.587] thr=1   paramiko.transport: Rejecting "hostkeys-00@openssh.com" global request from server.
DEB [20251012-17:45:09.587] thr=1   paramiko.transport: Debug msg: b'/home/aboogie/.ssh/authorized_keys:2: key options: agent-forwarding port-forwarding pty user-rc x11-forwarding'
DEB [20251012-17:45:09.590] thr=1   paramiko.transport: [chan 0] Max packet out: 32768 bytes
DEB [20251012-17:45:09.590] thr=1   paramiko.transport: Secsh channel 0 opened.
DEB [20251012-17:45:09.597] thr=1   paramiko.transport: [chan 0] Sesch channel 0 request ok
DEB [20251012-17:45:12.062] thr=1   paramiko.transport: [chan 0] EOF received (0)
DEB [20251012-17:45:12.062] thr=1   paramiko.transport: [chan 0] EOF sent (0)
DEB [20251012-17:45:12.062] thr=2   paramiko.transport: [chan 1] Max packet in: 32768 bytes
DEB [20251012-17:45:12.110] thr=1   paramiko.transport: [chan 1] Max packet out: 32768 bytes
DEB [20251012-17:45:12.110] thr=1   paramiko.transport: Secsh channel 1 opened.
DEB [20251012-17:45:12.117] thr=1   paramiko.transport: [chan 1] Sesch channel 1 request ok
DEB [20251012-17:45:14.029] thr=1   paramiko.transport: [chan 1] EOF received (1)
DEB [20251012-17:45:14.029] thr=2   paramiko.transport: [chan 1] EOF sent (1)
DEB [20251012-17:45:14.029] thr=2   paramiko.transport: [chan 2] Max packet in: 32768 bytes
DEB [20251012-17:45:14.078] thr=1   paramiko.transport: [chan 2] Max packet out: 32768 bytes
DEB [20251012-17:45:14.078] thr=1   paramiko.transport: Secsh channel 2 opened.
DEB [20251012-17:45:14.089] thr=1   paramiko.transport: [chan 2] Sesch channel 2 request ok
DEB [20251012-17:45:15.608] thr=1   paramiko.transport: [chan 2] EOF received (2)
DEB [20251012-17:45:15.608] thr=2   paramiko.transport: [chan 2] EOF sent (2)
DEB [20251012-17:45:15.608] thr=2   paramiko.transport: [chan 3] Max packet in: 32768 bytes
DEB [20251012-17:45:15.657] thr=1   paramiko.transport: [chan 3] Max packet out: 32768 bytes
DEB [20251012-17:45:15.657] thr=1   paramiko.transport: Secsh channel 3 opened.
DEB [20251012-17:45:15.664] thr=1   paramiko.transport: [chan 3] Sesch channel 3 request ok
DEB [20251012-17:45:17.789] thr=1   paramiko.transport: [chan 3] EOF received (3)
DEB [20251012-17:45:17.789] thr=2   paramiko.transport: [chan 3] EOF sent (3)
DEB [20251012-17:45:17.790] thr=2   paramiko.transport: [chan 4] Max packet in: 32768 bytes
DEB [20251012-17:45:28.605] thr=1   paramiko.transport: [chan 4] Max packet out: 32768 bytes
DEB [20251012-17:45:28.606] thr=1   paramiko.transport: Secsh channel 4 opened.
DEB [20251012-17:45:28.612] thr=1   paramiko.transport: [chan 4] Sesch channel 4 request ok
DEB [20251012-17:45:30.597] thr=1   paramiko.transport: [chan 4] EOF received (4)
DEB [20251012-17:45:30.597] thr=2   paramiko.transport: [chan 4] EOF sent (4)
DEB [20251012-17:45:30.598] thr=2   paramiko.transport: [chan 5] Max packet in: 32768 bytes
DEB [20251012-17:45:30.647] thr=1   paramiko.transport: [chan 5] Max packet out: 32768 bytes
DEB [20251012-17:45:30.647] thr=1   paramiko.transport: Secsh channel 5 opened.
DEB [20251012-17:45:30.655] thr=1   paramiko.transport: [chan 5] Sesch channel 5 request ok
DEB [20251012-17:45:30.715] thr=1   paramiko.transport: [chan 5] EOF received (5)
DEB [20251012-17:45:30.715] thr=1   paramiko.transport: [chan 5] EOF sent (5)
DEB [20251012-17:45:32.030] thr=1   paramiko.transport: EOF in transport thread
DEB [20251012-17:45:32.052] thr=3   paramiko.transport: starting thread (client mode): 0x89c24b0
DEB [20251012-17:45:32.052] thr=3   paramiko.transport: Local version/idstring: SSH-2.0-paramiko_3.5.1
DEB [20251012-17:45:32.078] thr=3   paramiko.transport: Remote version/idstring: SSH-2.0-OpenSSH_8.0
INF [20251012-17:45:32.078] thr=3   paramiko.transport: Connected (version 2.0, client OpenSSH_8.0)
DEB [20251012-17:45:32.084] thr=3   paramiko.transport: === Key exchange possibilities ===
DEB [20251012-17:45:32.084] thr=3   paramiko.transport: kex algos: curve25519-sha256, curve25519-sha256@libssh.org, ecdh-sha2-nistp256, ecdh-sha2-nistp384, ecdh-sha2-nistp521, diffie-hellman-group-exchange-sha256, diffie-hellman-group14-sha256, diffie-hellman-group16-sha512, diffie-hellman-group18-sha512, diffie-hellman-group-exchange-sha1, diffie-hellman-group14-sha1, kex-strict-s-v00@openssh.com
DEB [20251012-17:45:32.084] thr=3   paramiko.transport: server key: rsa-sha2-512, rsa-sha2-256, ssh-rsa, ecdsa-sha2-nistp256, ssh-ed25519
DEB [20251012-17:45:32.084] thr=3   paramiko.transport: client encrypt: aes256-gcm@openssh.com, chacha20-poly1305@openssh.com, aes256-ctr, aes256-cbc, aes128-gcm@openssh.com, aes128-ctr, aes128-cbc
DEB [20251012-17:45:32.084] thr=3   paramiko.transport: server encrypt: aes256-gcm@openssh.com, chacha20-poly1305@openssh.com, aes256-ctr, aes256-cbc, aes128-gcm@openssh.com, aes128-ctr, aes128-cbc
DEB [20251012-17:45:32.084] thr=3   paramiko.transport: client mac: hmac-sha2-256-etm@openssh.com, hmac-sha1-etm@openssh.com, umac-128-etm@openssh.com, hmac-sha2-512-etm@openssh.com, hmac-sha2-256, hmac-sha1, umac-128@openssh.com, hmac-sha2-512
DEB [20251012-17:45:32.084] thr=3   paramiko.transport: server mac: hmac-sha2-256-etm@openssh.com, hmac-sha1-etm@openssh.com, umac-128-etm@openssh.com, hmac-sha2-512-etm@openssh.com, hmac-sha2-256, hmac-sha1, umac-128@openssh.com, hmac-sha2-512
DEB [20251012-17:45:32.084] thr=3   paramiko.transport: client compress: none, zlib@openssh.com
DEB [20251012-17:45:32.084] thr=3   paramiko.transport: server compress: none, zlib@openssh.com
DEB [20251012-17:45:32.085] thr=3   paramiko.transport: client lang: <none>
DEB [20251012-17:45:32.085] thr=3   paramiko.transport: server lang: <none>
DEB [20251012-17:45:32.086] thr=3   paramiko.transport: kex follows: False
DEB [20251012-17:45:32.086] thr=3   paramiko.transport: === Key exchange agreements ===
DEB [20251012-17:45:32.086] thr=3   paramiko.transport: Strict kex mode: True
DEB [20251012-17:45:32.086] thr=3   paramiko.transport: Kex: curve25519-sha256@libssh.org
DEB [20251012-17:45:32.086] thr=3   paramiko.transport: HostKey: ssh-ed25519
DEB [20251012-17:45:32.086] thr=3   paramiko.transport: Cipher: aes128-ctr
DEB [20251012-17:45:32.086] thr=3   paramiko.transport: MAC: hmac-sha2-256
DEB [20251012-17:45:32.086] thr=3   paramiko.transport: Compression: none
DEB [20251012-17:45:32.086] thr=3   paramiko.transport: === End of kex handshake ===
DEB [20251012-17:45:32.141] thr=3   paramiko.transport: Resetting outbound seqno after NEWKEYS due to strict mode
DEB [20251012-17:45:32.141] thr=3   paramiko.transport: kex engine KexCurve25519 specified hash_algo <built-in function openssl_sha256>
DEB [20251012-17:45:32.141] thr=3   paramiko.transport: Switch to new keys ...
DEB [20251012-17:45:32.141] thr=3   paramiko.transport: Resetting inbound seqno after NEWKEYS due to strict mode
DEB [20251012-17:45:32.142] thr=3   paramiko.transport: Got EXT_INFO: {'server-sig-algs': b'ssh-ed25519,ssh-rsa,rsa-sha2-256,rsa-sha2-512,ssh-dss,ecdsa-sha2-nistp256,ecdsa-sha2-nistp384,ecdsa-sha2-nistp521'}
DEB [20251012-17:45:32.143] thr=2   paramiko.transport: Adding ssh-ed25519 host key for 10.0.4.10: b'10ca4a3c95856e287b0595772507a843'
DEB [20251012-17:45:32.197] thr=2   paramiko.transport: Trying SSH key b'39a62be910212a219b2bb2c50db12d21'
DEB [20251012-17:45:32.202] thr=3   paramiko.transport: userauth is OK
DEB [20251012-17:45:32.202] thr=3   paramiko.transport: Finalizing pubkey algorithm for key of type 'ssh-rsa'
DEB [20251012-17:45:32.202] thr=3   paramiko.transport: Our pubkey algorithm list: ['rsa-sha2-512', 'rsa-sha2-256', 'ssh-rsa']
DEB [20251012-17:45:32.202] thr=3   paramiko.transport: Server-side algorithm list: ['ssh-ed25519', 'ssh-rsa', 'rsa-sha2-256', 'rsa-sha2-512', 'ssh-dss', 'ecdsa-sha2-nistp256', 'ecdsa-sha2-nistp384', 'ecdsa-sha2-nistp521']
DEB [20251012-17:45:32.202] thr=3   paramiko.transport: Agreed upon 'rsa-sha2-512' pubkey algorithm
INF [20251012-17:45:32.249] thr=3   paramiko.transport: Authentication (publickey) successful!
DEB [20251012-17:45:32.250] thr=2   paramiko.transport: [chan 0] Max packet in: 32768 bytes
DEB [20251012-17:45:32.293] thr=3   paramiko.transport: Received global request "hostkeys-00@openssh.com"
DEB [20251012-17:45:32.293] thr=3   paramiko.transport: Rejecting "hostkeys-00@openssh.com" global request from server.
DEB [20251012-17:45:32.294] thr=3   paramiko.transport: Debug msg: b'/home/aboogie/.ssh/authorized_keys:2: key options: agent-forwarding port-forwarding pty user-rc x11-forwarding'
DEB [20251012-17:45:32.297] thr=3   paramiko.transport: [chan 0] Max packet out: 32768 bytes
DEB [20251012-17:45:32.297] thr=3   paramiko.transport: Secsh channel 0 opened.
DEB [20251012-17:45:32.313] thr=3   paramiko.transport: [chan 0] Sesch channel 0 request ok
DEB [20251012-17:45:33.883] thr=3   paramiko.transport: [chan 0] EOF received (0)
DEB [20251012-17:45:33.884] thr=3   paramiko.transport: [chan 0] EOF sent (0)
DEB [20251012-17:45:33.884] thr=2   paramiko.transport: [chan 1] Max packet in: 32768 bytes
DEB [20251012-17:45:33.934] thr=3   paramiko.transport: [chan 1] Max packet out: 32768 bytes
DEB [20251012-17:45:33.934] thr=3   paramiko.transport: Secsh channel 1 opened.
DEB [20251012-17:45:33.943] thr=3   paramiko.transport: [chan 1] Sesch channel 1 request ok
DEB [20251012-17:45:35.879] thr=3   paramiko.transport: [chan 1] EOF received (1)
DEB [20251012-17:45:35.879] thr=3   paramiko.transport: [chan 1] EOF sent (1)
DEB [20251012-17:45:35.880] thr=2   paramiko.transport: [chan 2] Max packet in: 32768 bytes
DEB [20251012-17:45:35.931] thr=3   paramiko.transport: [chan 2] Max packet out: 32768 bytes
DEB [20251012-17:45:35.931] thr=3   paramiko.transport: Secsh channel 2 opened.
DEB [20251012-17:45:35.939] thr=3   paramiko.transport: [chan 2] Sesch channel 2 request ok
DEB [20251012-17:45:38.151] thr=3   paramiko.transport: [chan 2] EOF received (2)
DEB [20251012-17:45:38.151] thr=2   paramiko.transport: [chan 2] EOF sent (2)
DEB [20251012-17:45:38.152] thr=2   paramiko.transport: [chan 3] Max packet in: 32768 bytes
DEB [20251012-17:45:38.201] thr=3   paramiko.transport: [chan 3] Max packet out: 32768 bytes
DEB [20251012-17:45:38.201] thr=3   paramiko.transport: Secsh channel 3 opened.
DEB [20251012-17:45:38.209] thr=3   paramiko.transport: [chan 3] Sesch channel 3 request ok
DEB [20251012-17:45:39.689] thr=3   paramiko.transport: [chan 3] EOF received (3)
DEB [20251012-17:45:39.690] thr=3   paramiko.transport: [chan 3] EOF sent (3)
DEB [20251012-17:45:39.694] thr=2   paramiko.transport: [chan 4] Max packet in: 32768 bytes
DEB [20251012-17:45:39.738] thr=3   paramiko.transport: [chan 4] Max packet out: 32768 bytes
DEB [20251012-17:45:39.738] thr=3   paramiko.transport: Secsh channel 4 opened.
DEB [20251012-17:45:39.745] thr=3   paramiko.transport: [chan 4] Sesch channel 4 request ok
DEB [20251012-17:45:41.837] thr=3   paramiko.transport: [chan 4] EOF received (4)
DEB [20251012-17:45:41.837] thr=2   paramiko.transport: [chan 4] EOF sent (4)
DEB [20251012-17:45:41.840] thr=2   paramiko.transport: [chan 5] Max packet in: 32768 bytes
DEB [20251012-17:45:41.890] thr=3   paramiko.transport: [chan 5] Max packet out: 32768 bytes
DEB [20251012-17:45:41.890] thr=3   paramiko.transport: Secsh channel 5 opened.
DEB [20251012-17:45:41.899] thr=3   paramiko.transport: [chan 5] Sesch channel 5 request ok
DEB [20251012-17:45:41.965] thr=3   paramiko.transport: [chan 5] EOF received (5)
DEB [20251012-17:45:41.966] thr=2   paramiko.transport: [chan 5] EOF sent (5)
DEB [20251012-17:45:41.968] thr=3   paramiko.transport: EOF in transport thread
DEB [20251012-17:50:16.225] thr=1   paramiko.transport: starting thread (client mode): 0xb0b2ae0
DEB [20251012-17:50:16.225] thr=1   paramiko.transport: Local version/idstring: SSH-2.0-paramiko_3.5.1
DEB [20251012-17:50:16.251] thr=1   paramiko.transport: Remote version/idstring: SSH-2.0-OpenSSH_8.0
INF [20251012-17:50:16.251] thr=1   paramiko.transport: Connected (version 2.0, client OpenSSH_8.0)
DEB [20251012-17:50:16.254] thr=1   paramiko.transport: === Key exchange possibilities ===
DEB [20251012-17:50:16.254] thr=1   paramiko.transport: kex algos: curve25519-sha256, curve25519-sha256@libssh.org, ecdh-sha2-nistp256, ecdh-sha2-nistp384, ecdh-sha2-nistp521, diffie-hellman-group-exchange-sha256, diffie-hellman-group14-sha256, diffie-hellman-group16-sha512, diffie-hellman-group18-sha512, diffie-hellman-group-exchange-sha1, diffie-hellman-group14-sha1, kex-strict-s-v00@openssh.com
DEB [20251012-17:50:16.254] thr=1   paramiko.transport: server key: rsa-sha2-512, rsa-sha2-256, ssh-rsa, ecdsa-sha2-nistp256, ssh-ed25519
DEB [20251012-17:50:16.254] thr=1   paramiko.transport: client encrypt: aes256-gcm@openssh.com, chacha20-poly1305@openssh.com, aes256-ctr, aes256-cbc, aes128-gcm@openssh.com, aes128-ctr, aes128-cbc
DEB [20251012-17:50:16.254] thr=1   paramiko.transport: server encrypt: aes256-gcm@openssh.com, chacha20-poly1305@openssh.com, aes256-ctr, aes256-cbc, aes128-gcm@openssh.com, aes128-ctr, aes128-cbc
DEB [20251012-17:50:16.254] thr=1   paramiko.transport: client mac: hmac-sha2-256-etm@openssh.com, hmac-sha1-etm@openssh.com, umac-128-etm@openssh.com, hmac-sha2-512-etm@openssh.com, hmac-sha2-256, hmac-sha1, umac-128@openssh.com, hmac-sha2-512
DEB [20251012-17:50:16.254] thr=1   paramiko.transport: server mac: hmac-sha2-256-etm@openssh.com, hmac-sha1-etm@openssh.com, umac-128-etm@openssh.com, hmac-sha2-512-etm@openssh.com, hmac-sha2-256, hmac-sha1, umac-128@openssh.com, hmac-sha2-512
DEB [20251012-17:50:16.254] thr=1   paramiko.transport: client compress: none, zlib@openssh.com
DEB [20251012-17:50:16.254] thr=1   paramiko.transport: server compress: none, zlib@openssh.com
DEB [20251012-17:50:16.254] thr=1   paramiko.transport: client lang: <none>
DEB [20251012-17:50:16.254] thr=1   paramiko.transport: server lang: <none>
DEB [20251012-17:50:16.254] thr=1   paramiko.transport: kex follows: False
DEB [20251012-17:50:16.254] thr=1   paramiko.transport: === Key exchange agreements ===
DEB [20251012-17:50:16.254] thr=1   paramiko.transport: Strict kex mode: True
DEB [20251012-17:50:16.254] thr=1   paramiko.transport: Kex: curve25519-sha256@libssh.org
DEB [20251012-17:50:16.254] thr=1   paramiko.transport: HostKey: ssh-ed25519
DEB [20251012-17:50:16.254] thr=1   paramiko.transport: Cipher: aes128-ctr
DEB [20251012-17:50:16.254] thr=1   paramiko.transport: MAC: hmac-sha2-256
DEB [20251012-17:50:16.254] thr=1   paramiko.transport: Compression: none
DEB [20251012-17:50:16.254] thr=1   paramiko.transport: === End of kex handshake ===
DEB [20251012-17:50:16.314] thr=1   paramiko.transport: Resetting outbound seqno after NEWKEYS due to strict mode
DEB [20251012-17:50:16.314] thr=1   paramiko.transport: kex engine KexCurve25519 specified hash_algo <built-in function openssl_sha256>
DEB [20251012-17:50:16.314] thr=1   paramiko.transport: Switch to new keys ...
DEB [20251012-17:50:16.315] thr=1   paramiko.transport: Resetting inbound seqno after NEWKEYS due to strict mode
DEB [20251012-17:50:16.315] thr=2   paramiko.transport: Adding ssh-ed25519 host key for 10.0.4.177: b'7a45ccbb011a7d9de42e94537644aabb'
DEB [20251012-17:50:16.315] thr=1   paramiko.transport: Got EXT_INFO: {'server-sig-algs': b'ssh-ed25519,ssh-rsa,rsa-sha2-256,rsa-sha2-512,ssh-dss,ecdsa-sha2-nistp256,ecdsa-sha2-nistp384,ecdsa-sha2-nistp521'}
DEB [20251012-17:50:16.315] thr=2   paramiko.transport: Trying SSH key b'39a62be910212a219b2bb2c50db12d21'
DEB [20251012-17:50:16.362] thr=1   paramiko.transport: userauth is OK
DEB [20251012-17:50:16.362] thr=1   paramiko.transport: Finalizing pubkey algorithm for key of type 'ssh-rsa'
DEB [20251012-17:50:16.362] thr=1   paramiko.transport: Our pubkey algorithm list: ['rsa-sha2-512', 'rsa-sha2-256', 'ssh-rsa']
DEB [20251012-17:50:16.362] thr=1   paramiko.transport: Server-side algorithm list: ['ssh-ed25519', 'ssh-rsa', 'rsa-sha2-256', 'rsa-sha2-512', 'ssh-dss', 'ecdsa-sha2-nistp256', 'ecdsa-sha2-nistp384', 'ecdsa-sha2-nistp521']
DEB [20251012-17:50:16.362] thr=1   paramiko.transport: Agreed upon 'rsa-sha2-512' pubkey algorithm
INF [20251012-17:50:16.403] thr=1   paramiko.transport: Authentication (publickey) successful!
DEB [20251012-17:50:16.404] thr=2   paramiko.transport: [chan 0] Max packet in: 32768 bytes
DEB [20251012-17:50:16.434] thr=1   paramiko.transport: Received global request "hostkeys-00@openssh.com"
DEB [20251012-17:50:16.434] thr=1   paramiko.transport: Rejecting "hostkeys-00@openssh.com" global request from server.
DEB [20251012-17:50:16.434] thr=1   paramiko.transport: Debug msg: b'/home/aboogie/.ssh/authorized_keys:2: key options: agent-forwarding port-forwarding pty user-rc x11-forwarding'
DEB [20251012-17:50:16.437] thr=1   paramiko.transport: [chan 0] Max packet out: 32768 bytes
DEB [20251012-17:50:16.437] thr=1   paramiko.transport: Secsh channel 0 opened.
DEB [20251012-17:50:16.445] thr=1   paramiko.transport: [chan 0] Sesch channel 0 request ok
DEB [20251012-17:50:19.232] thr=1   paramiko.transport: [chan 0] EOF received (0)
DEB [20251012-17:50:19.233] thr=1   paramiko.transport: [chan 0] EOF sent (0)
DEB [20251012-17:50:19.233] thr=2   paramiko.transport: [chan 1] Max packet in: 32768 bytes
DEB [20251012-17:56:23.931] thr=1   paramiko.transport: starting thread (client mode): 0x8827f80
DEB [20251012-17:56:23.932] thr=1   paramiko.transport: Local version/idstring: SSH-2.0-paramiko_3.5.1
DEB [20251012-17:56:23.958] thr=1   paramiko.transport: Remote version/idstring: SSH-2.0-OpenSSH_8.0
INF [20251012-17:56:23.959] thr=1   paramiko.transport: Connected (version 2.0, client OpenSSH_8.0)
DEB [20251012-17:56:23.962] thr=1   paramiko.transport: === Key exchange possibilities ===
DEB [20251012-17:56:23.962] thr=1   paramiko.transport: kex algos: curve25519-sha256, curve25519-sha256@libssh.org, ecdh-sha2-nistp256, ecdh-sha2-nistp384, ecdh-sha2-nistp521, diffie-hellman-group-exchange-sha256, diffie-hellman-group14-sha256, diffie-hellman-group16-sha512, diffie-hellman-group18-sha512, diffie-hellman-group-exchange-sha1, diffie-hellman-group14-sha1, kex-strict-s-v00@openssh.com
DEB [20251012-17:56:23.962] thr=1   paramiko.transport: server key: rsa-sha2-512, rsa-sha2-256, ssh-rsa, ecdsa-sha2-nistp256, ssh-ed25519
DEB [20251012-17:56:23.963] thr=1   paramiko.transport: client encrypt: aes256-gcm@openssh.com, chacha20-poly1305@openssh.com, aes256-ctr, aes256-cbc, aes128-gcm@openssh.com, aes128-ctr, aes128-cbc
DEB [20251012-17:56:23.963] thr=1   paramiko.transport: server encrypt: aes256-gcm@openssh.com, chacha20-poly1305@openssh.com, aes256-ctr, aes256-cbc, aes128-gcm@openssh.com, aes128-ctr, aes128-cbc
DEB [20251012-17:56:23.963] thr=1   paramiko.transport: client mac: hmac-sha2-256-etm@openssh.com, hmac-sha1-etm@openssh.com, umac-128-etm@openssh.com, hmac-sha2-512-etm@openssh.com, hmac-sha2-256, hmac-sha1, umac-128@openssh.com, hmac-sha2-512
DEB [20251012-17:56:23.963] thr=1   paramiko.transport: server mac: hmac-sha2-256-etm@openssh.com, hmac-sha1-etm@openssh.com, umac-128-etm@openssh.com, hmac-sha2-512-etm@openssh.com, hmac-sha2-256, hmac-sha1, umac-128@openssh.com, hmac-sha2-512
DEB [20251012-17:56:23.963] thr=1   paramiko.transport: client compress: none, zlib@openssh.com
DEB [20251012-17:56:23.963] thr=1   paramiko.transport: server compress: none, zlib@openssh.com
DEB [20251012-17:56:23.963] thr=1   paramiko.transport: client lang: <none>
DEB [20251012-17:56:23.963] thr=1   paramiko.transport: server lang: <none>
DEB [20251012-17:56:23.963] thr=1   paramiko.transport: kex follows: False
DEB [20251012-17:56:23.963] thr=1   paramiko.transport: === Key exchange agreements ===
DEB [20251012-17:56:23.963] thr=1   paramiko.transport: Strict kex mode: True
DEB [20251012-17:56:23.963] thr=1   paramiko.transport: Kex: curve25519-sha256@libssh.org
DEB [20251012-17:56:23.963] thr=1   paramiko.transport: HostKey: ssh-ed25519
DEB [20251012-17:56:23.963] thr=1   paramiko.transport: Cipher: aes128-ctr
DEB [20251012-17:56:23.963] thr=1   paramiko.transport: MAC: hmac-sha2-256
DEB [20251012-17:56:23.963] thr=1   paramiko.transport: Compression: none
DEB [20251012-17:56:23.963] thr=1   paramiko.transport: === End of kex handshake ===
DEB [20251012-17:56:24.023] thr=1   paramiko.transport: Resetting outbound seqno after NEWKEYS due to strict mode
DEB [20251012-17:56:24.023] thr=1   paramiko.transport: kex engine KexCurve25519 specified hash_algo <built-in function openssl_sha256>
DEB [20251012-17:56:24.024] thr=1   paramiko.transport: Switch to new keys ...
DEB [20251012-17:56:24.024] thr=1   paramiko.transport: Resetting inbound seqno after NEWKEYS due to strict mode
DEB [20251012-17:56:24.024] thr=1   paramiko.transport: Got EXT_INFO: {'server-sig-algs': b'ssh-ed25519,ssh-rsa,rsa-sha2-256,rsa-sha2-512,ssh-dss,ecdsa-sha2-nistp256,ecdsa-sha2-nistp384,ecdsa-sha2-nistp521'}
DEB [20251012-17:56:24.024] thr=2   paramiko.transport: Adding ssh-ed25519 host key for 10.0.4.177: b'7a45ccbb011a7d9de42e94537644aabb'
DEB [20251012-17:56:24.025] thr=2   paramiko.transport: Trying SSH key b'39a62be910212a219b2bb2c50db12d21'
DEB [20251012-17:56:24.071] thr=1   paramiko.transport: userauth is OK
DEB [20251012-17:56:24.071] thr=1   paramiko.transport: Finalizing pubkey algorithm for key of type 'ssh-rsa'
DEB [20251012-17:56:24.071] thr=1   paramiko.transport: Our pubkey algorithm list: ['rsa-sha2-512', 'rsa-sha2-256', 'ssh-rsa']
DEB [20251012-17:56:24.071] thr=1   paramiko.transport: Server-side algorithm list: ['ssh-ed25519', 'ssh-rsa', 'rsa-sha2-256', 'rsa-sha2-512', 'ssh-dss', 'ecdsa-sha2-nistp256', 'ecdsa-sha2-nistp384', 'ecdsa-sha2-nistp521']
DEB [20251012-17:56:24.071] thr=1   paramiko.transport: Agreed upon 'rsa-sha2-512' pubkey algorithm
INF [20251012-17:56:24.163] thr=1   paramiko.transport: Authentication (publickey) successful!
DEB [20251012-17:56:24.163] thr=2   paramiko.transport: [chan 0] Max packet in: 32768 bytes
DEB [20251012-17:56:24.191] thr=1   paramiko.transport: Received global request "hostkeys-00@openssh.com"
DEB [20251012-17:56:24.191] thr=1   paramiko.transport: Rejecting "hostkeys-00@openssh.com" global request from server.
DEB [20251012-17:56:24.192] thr=1   paramiko.transport: Debug msg: b'/home/aboogie/.ssh/authorized_keys:2: key options: agent-forwarding port-forwarding pty user-rc x11-forwarding'
DEB [20251012-17:56:24.196] thr=1   paramiko.transport: [chan 0] Max packet out: 32768 bytes
DEB [20251012-17:56:24.197] thr=1   paramiko.transport: Secsh channel 0 opened.
DEB [20251012-17:56:24.206] thr=1   paramiko.transport: [chan 0] Sesch channel 0 request ok
DEB [20251012-17:56:25.706] thr=1   paramiko.transport: [chan 0] EOF received (0)
DEB [20251012-17:56:25.706] thr=1   paramiko.transport: [chan 0] EOF sent (0)
DEB [20251012-17:56:25.707] thr=2   paramiko.transport: [chan 1] Max packet in: 32768 bytes
DEB [20251012-17:56:25.757] thr=1   paramiko.transport: [chan 1] Max packet out: 32768 bytes
DEB [20251012-17:56:25.758] thr=1   paramiko.transport: Secsh channel 1 opened.
DEB [20251012-17:56:25.765] thr=1   paramiko.transport: [chan 1] Sesch channel 1 request ok
DEB [20251012-17:56:27.539] thr=1   paramiko.transport: [chan 1] EOF received (1)
DEB [20251012-17:56:27.540] thr=2   paramiko.transport: [chan 1] EOF sent (1)
DEB [20251012-17:56:27.540] thr=2   paramiko.transport: [chan 2] Max packet in: 32768 bytes
DEB [20251012-17:56:27.593] thr=1   paramiko.transport: [chan 2] Max packet out: 32768 bytes
DEB [20251012-17:56:27.594] thr=1   paramiko.transport: Secsh channel 2 opened.
DEB [20251012-17:56:27.602] thr=1   paramiko.transport: [chan 2] Sesch channel 2 request ok
DEB [20251012-17:56:29.318] thr=1   paramiko.transport: [chan 2] EOF received (2)
DEB [20251012-17:56:29.318] thr=2   paramiko.transport: [chan 2] EOF sent (2)
DEB [20251012-17:56:29.318] thr=2   paramiko.transport: [chan 3] Max packet in: 32768 bytes
DEB [20251012-17:56:29.370] thr=1   paramiko.transport: [chan 3] Max packet out: 32768 bytes
DEB [20251012-17:56:29.370] thr=1   paramiko.transport: Secsh channel 3 opened.
DEB [20251012-17:56:29.378] thr=1   paramiko.transport: [chan 3] Sesch channel 3 request ok
DEB [20251012-17:56:29.960] thr=2   paramiko.transport: [chan 3] EOF sent (3)
DEB [20251012-17:59:56.632] thr=1   paramiko.transport: starting thread (client mode): 0x63cfda0
DEB [20251012-17:59:56.633] thr=1   paramiko.transport: Local version/idstring: SSH-2.0-paramiko_3.5.1
DEB [20251012-17:59:56.661] thr=1   paramiko.transport: Remote version/idstring: SSH-2.0-OpenSSH_8.0
INF [20251012-17:59:56.661] thr=1   paramiko.transport: Connected (version 2.0, client OpenSSH_8.0)
DEB [20251012-17:59:56.665] thr=1   paramiko.transport: === Key exchange possibilities ===
DEB [20251012-17:59:56.665] thr=1   paramiko.transport: kex algos: curve25519-sha256, curve25519-sha256@libssh.org, ecdh-sha2-nistp256, ecdh-sha2-nistp384, ecdh-sha2-nistp521, diffie-hellman-group-exchange-sha256, diffie-hellman-group14-sha256, diffie-hellman-group16-sha512, diffie-hellman-group18-sha512, diffie-hellman-group-exchange-sha1, diffie-hellman-group14-sha1, kex-strict-s-v00@openssh.com
DEB [20251012-17:59:56.665] thr=1   paramiko.transport: server key: rsa-sha2-512, rsa-sha2-256, ssh-rsa, ecdsa-sha2-nistp256, ssh-ed25519
DEB [20251012-17:59:56.665] thr=1   paramiko.transport: client encrypt: aes256-gcm@openssh.com, chacha20-poly1305@openssh.com, aes256-ctr, aes256-cbc, aes128-gcm@openssh.com, aes128-ctr, aes128-cbc
DEB [20251012-17:59:56.665] thr=1   paramiko.transport: server encrypt: aes256-gcm@openssh.com, chacha20-poly1305@openssh.com, aes256-ctr, aes256-cbc, aes128-gcm@openssh.com, aes128-ctr, aes128-cbc
DEB [20251012-17:59:56.665] thr=1   paramiko.transport: client mac: hmac-sha2-256-etm@openssh.com, hmac-sha1-etm@openssh.com, umac-128-etm@openssh.com, hmac-sha2-512-etm@openssh.com, hmac-sha2-256, hmac-sha1, umac-128@openssh.com, hmac-sha2-512
DEB [20251012-17:59:56.665] thr=1   paramiko.transport: server mac: hmac-sha2-256-etm@openssh.com, hmac-sha1-etm@openssh.com, umac-128-etm@openssh.com, hmac-sha2-512-etm@openssh.com, hmac-sha2-256, hmac-sha1, umac-128@openssh.com, hmac-sha2-512
DEB [20251012-17:59:56.665] thr=1   paramiko.transport: client compress: none, zlib@openssh.com
DEB [20251012-17:59:56.665] thr=1   paramiko.transport: server compress: none, zlib@openssh.com
DEB [20251012-17:59:56.665] thr=1   paramiko.transport: client lang: <none>
DEB [20251012-17:59:56.665] thr=1   paramiko.transport: server lang: <none>
DEB [20251012-17:59:56.665] thr=1   paramiko.transport: kex follows: False
DEB [20251012-17:59:56.665] thr=1   paramiko.transport: === Key exchange agreements ===
DEB [20251012-17:59:56.665] thr=1   paramiko.transport: Strict kex mode: True
DEB [20251012-17:59:56.665] thr=1   paramiko.transport: Kex: curve25519-sha256@libssh.org
DEB [20251012-17:59:56.665] thr=1   paramiko.transport: HostKey: ssh-ed25519
DEB [20251012-17:59:56.665] thr=1   paramiko.transport: Cipher: aes128-ctr
DEB [20251012-17:59:56.665] thr=1   paramiko.transport: MAC: hmac-sha2-256
DEB [20251012-17:59:56.665] thr=1   paramiko.transport: Compression: none
DEB [20251012-17:59:56.665] thr=1   paramiko.transport: === End of kex handshake ===
DEB [20251012-17:59:56.727] thr=1   paramiko.transport: Resetting outbound seqno after NEWKEYS due to strict mode
DEB [20251012-17:59:56.727] thr=1   paramiko.transport: kex engine KexCurve25519 specified hash_algo <built-in function openssl_sha256>
DEB [20251012-17:59:56.727] thr=1   paramiko.transport: Switch to new keys ...
DEB [20251012-17:59:56.727] thr=1   paramiko.transport: Resetting inbound seqno after NEWKEYS due to strict mode
DEB [20251012-17:59:56.727] thr=2   paramiko.transport: Adding ssh-ed25519 host key for 10.0.4.177: b'7a45ccbb011a7d9de42e94537644aabb'
DEB [20251012-17:59:56.727] thr=1   paramiko.transport: Got EXT_INFO: {'server-sig-algs': b'ssh-ed25519,ssh-rsa,rsa-sha2-256,rsa-sha2-512,ssh-dss,ecdsa-sha2-nistp256,ecdsa-sha2-nistp384,ecdsa-sha2-nistp521'}
DEB [20251012-17:59:56.728] thr=2   paramiko.transport: Trying SSH key b'39a62be910212a219b2bb2c50db12d21'
DEB [20251012-17:59:56.776] thr=1   paramiko.transport: userauth is OK
DEB [20251012-17:59:56.776] thr=1   paramiko.transport: Finalizing pubkey algorithm for key of type 'ssh-rsa'
DEB [20251012-17:59:56.776] thr=1   paramiko.transport: Our pubkey algorithm list: ['rsa-sha2-512', 'rsa-sha2-256', 'ssh-rsa']
DEB [20251012-17:59:56.776] thr=1   paramiko.transport: Server-side algorithm list: ['ssh-ed25519', 'ssh-rsa', 'rsa-sha2-256', 'rsa-sha2-512', 'ssh-dss', 'ecdsa-sha2-nistp256', 'ecdsa-sha2-nistp384', 'ecdsa-sha2-nistp521']
DEB [20251012-17:59:56.776] thr=1   paramiko.transport: Agreed upon 'rsa-sha2-512' pubkey algorithm
INF [20251012-17:59:56.827] thr=1   paramiko.transport: Authentication (publickey) successful!
DEB [20251012-17:59:56.827] thr=2   paramiko.transport: [chan 0] Max packet in: 32768 bytes
DEB [20251012-17:59:56.854] thr=1   paramiko.transport: Received global request "hostkeys-00@openssh.com"
DEB [20251012-17:59:56.854] thr=1   paramiko.transport: Rejecting "hostkeys-00@openssh.com" global request from server.
DEB [20251012-17:59:56.854] thr=1   paramiko.transport: Debug msg: b'/home/aboogie/.ssh/authorized_keys:2: key options: agent-forwarding port-forwarding pty user-rc x11-forwarding'
DEB [20251012-17:59:56.858] thr=1   paramiko.transport: [chan 0] Max packet out: 32768 bytes
DEB [20251012-17:59:56.858] thr=1   paramiko.transport: Secsh channel 0 opened.
DEB [20251012-17:59:56.865] thr=1   paramiko.transport: [chan 0] Sesch channel 0 request ok
DEB [20251012-17:59:59.272] thr=1   paramiko.transport: [chan 0] EOF received (0)
DEB [20251012-17:59:59.274] thr=1   paramiko.transport: [chan 0] EOF sent (0)
DEB [20251012-17:59:59.274] thr=2   paramiko.transport: [chan 1] Max packet in: 32768 bytes
DEB [20251012-17:59:59.322] thr=1   paramiko.transport: [chan 1] Max packet out: 32768 bytes
DEB [20251012-17:59:59.322] thr=1   paramiko.transport: Secsh channel 1 opened.
DEB [20251012-17:59:59.330] thr=1   paramiko.transport: [chan 1] Sesch channel 1 request ok
DEB [20251012-18:00:00.813] thr=1   paramiko.transport: [chan 1] EOF received (1)
DEB [20251012-18:00:00.814] thr=2   paramiko.transport: [chan 1] EOF sent (1)
DEB [20251012-18:00:00.814] thr=2   paramiko.transport: [chan 2] Max packet in: 32768 bytes
DEB [20251012-18:00:00.864] thr=1   paramiko.transport: [chan 2] Max packet out: 32768 bytes
DEB [20251012-18:00:00.864] thr=1   paramiko.transport: Secsh channel 2 opened.
DEB [20251012-18:00:00.873] thr=1   paramiko.transport: [chan 2] Sesch channel 2 request ok
DEB [20251012-18:00:02.829] thr=1   paramiko.transport: [chan 2] EOF received (2)
DEB [20251012-18:00:02.829] thr=2   paramiko.transport: [chan 2] EOF sent (2)
DEB [20251012-18:00:02.830] thr=2   paramiko.transport: [chan 3] Max packet in: 32768 bytes
DEB [20251012-18:00:02.879] thr=1   paramiko.transport: [chan 3] Max packet out: 32768 bytes
DEB [20251012-18:00:02.879] thr=1   paramiko.transport: Secsh channel 3 opened.
DEB [20251012-18:00:02.886] thr=1   paramiko.transport: [chan 3] Sesch channel 3 request ok
DEB [20251012-18:00:04.855] thr=1   paramiko.transport: [chan 3] EOF received (3)
DEB [20251012-18:00:04.855] thr=1   paramiko.transport: [chan 3] EOF sent (3)
DEB [20251012-18:00:04.855] thr=2   paramiko.transport: [chan 4] Max packet in: 32768 bytes
DEB [20251012-18:00:04.904] thr=1   paramiko.transport: [chan 4] Max packet out: 32768 bytes
DEB [20251012-18:00:04.905] thr=1   paramiko.transport: Secsh channel 4 opened.
DEB [20251012-18:00:04.912] thr=1   paramiko.transport: [chan 4] Sesch channel 4 request ok
DEB [20251012-18:00:07.447] thr=1   paramiko.transport: [chan 4] EOF received (4)
DEB [20251012-18:00:07.449] thr=2   paramiko.transport: [chan 4] EOF sent (4)
DEB [20251012-18:00:07.449] thr=2   paramiko.transport: [chan 5] Max packet in: 32768 bytes
DEB [20251012-18:00:07.496] thr=1   paramiko.transport: [chan 5] Max packet out: 32768 bytes
DEB [20251012-18:00:07.496] thr=1   paramiko.transport: Secsh channel 5 opened.
DEB [20251012-18:00:07.503] thr=1   paramiko.transport: [chan 5] Sesch channel 5 request ok
DEB [20251012-18:00:07.565] thr=1   paramiko.transport: [chan 5] EOF received (5)
DEB [20251012-18:00:07.566] thr=2   paramiko.transport: [chan 5] EOF sent (5)
DEB [20251012-18:00:07.566] thr=1   paramiko.transport: EOF in transport thread
DEB [20251012-18:00:07.921] thr=3   paramiko.transport: starting thread (client mode): 0x63a1fd0
DEB [20251012-18:00:07.922] thr=3   paramiko.transport: Local version/idstring: SSH-2.0-paramiko_3.5.1
DEB [20251012-18:00:07.958] thr=3   paramiko.transport: Remote version/idstring: SSH-2.0-OpenSSH_8.0
INF [20251012-18:00:07.958] thr=3   paramiko.transport: Connected (version 2.0, client OpenSSH_8.0)
DEB [20251012-18:00:07.968] thr=3   paramiko.transport: === Key exchange possibilities ===
DEB [20251012-18:00:07.968] thr=3   paramiko.transport: kex algos: curve25519-sha256, curve25519-sha256@libssh.org, ecdh-sha2-nistp256, ecdh-sha2-nistp384, ecdh-sha2-nistp521, diffie-hellman-group-exchange-sha256, diffie-hellman-group14-sha256, diffie-hellman-group16-sha512, diffie-hellman-group18-sha512, diffie-hellman-group-exchange-sha1, diffie-hellman-group14-sha1, kex-strict-s-v00@openssh.com
DEB [20251012-18:00:07.968] thr=3   paramiko.transport: server key: rsa-sha2-512, rsa-sha2-256, ssh-rsa, ecdsa-sha2-nistp256, ssh-ed25519
DEB [20251012-18:00:07.968] thr=3   paramiko.transport: client encrypt: aes256-gcm@openssh.com, chacha20-poly1305@openssh.com, aes256-ctr, aes256-cbc, aes128-gcm@openssh.com, aes128-ctr, aes128-cbc
DEB [20251012-18:00:07.968] thr=3   paramiko.transport: server encrypt: aes256-gcm@openssh.com, chacha20-poly1305@openssh.com, aes256-ctr, aes256-cbc, aes128-gcm@openssh.com, aes128-ctr, aes128-cbc
DEB [20251012-18:00:07.968] thr=3   paramiko.transport: client mac: hmac-sha2-256-etm@openssh.com, hmac-sha1-etm@openssh.com, umac-128-etm@openssh.com, hmac-sha2-512-etm@openssh.com, hmac-sha2-256, hmac-sha1, umac-128@openssh.com, hmac-sha2-512
DEB [20251012-18:00:07.968] thr=3   paramiko.transport: server mac: hmac-sha2-256-etm@openssh.com, hmac-sha1-etm@openssh.com, umac-128-etm@openssh.com, hmac-sha2-512-etm@openssh.com, hmac-sha2-256, hmac-sha1, umac-128@openssh.com, hmac-sha2-512
DEB [20251012-18:00:07.968] thr=3   paramiko.transport: client compress: none, zlib@openssh.com
DEB [20251012-18:00:07.968] thr=3   paramiko.transport: server compress: none, zlib@openssh.com
DEB [20251012-18:00:07.968] thr=3   paramiko.transport: client lang: <none>
DEB [20251012-18:00:07.968] thr=3   paramiko.transport: server lang: <none>
DEB [20251012-18:00:07.968] thr=3   paramiko.transport: kex follows: False
DEB [20251012-18:00:07.968] thr=3   paramiko.transport: === Key exchange agreements ===
DEB [20251012-18:00:07.968] thr=3   paramiko.transport: Strict kex mode: True
DEB [20251012-18:00:07.968] thr=3   paramiko.transport: Kex: curve25519-sha256@libssh.org
DEB [20251012-18:00:07.969] thr=3   paramiko.transport: HostKey: ssh-ed25519
DEB [20251012-18:00:07.969] thr=3   paramiko.transport: Cipher: aes128-ctr
DEB [20251012-18:00:07.969] thr=3   paramiko.transport: MAC: hmac-sha2-256
DEB [20251012-18:00:07.969] thr=3   paramiko.transport: Compression: none
DEB [20251012-18:00:07.969] thr=3   paramiko.transport: === End of kex handshake ===
DEB [20251012-18:00:07.987] thr=3   paramiko.transport: Resetting outbound seqno after NEWKEYS due to strict mode
DEB [20251012-18:00:07.988] thr=3   paramiko.transport: kex engine KexCurve25519 specified hash_algo <built-in function openssl_sha256>
DEB [20251012-18:00:07.988] thr=3   paramiko.transport: Switch to new keys ...
DEB [20251012-18:00:07.988] thr=3   paramiko.transport: Resetting inbound seqno after NEWKEYS due to strict mode
DEB [20251012-18:00:07.988] thr=2   paramiko.transport: Adding ssh-ed25519 host key for 10.0.4.10: b'10ca4a3c95856e287b0595772507a843'
DEB [20251012-18:00:07.988] thr=3   paramiko.transport: Got EXT_INFO: {'server-sig-algs': b'ssh-ed25519,ssh-rsa,rsa-sha2-256,rsa-sha2-512,ssh-dss,ecdsa-sha2-nistp256,ecdsa-sha2-nistp384,ecdsa-sha2-nistp521'}
DEB [20251012-18:00:07.988] thr=2   paramiko.transport: Trying SSH key b'39a62be910212a219b2bb2c50db12d21'
DEB [20251012-18:00:08.039] thr=3   paramiko.transport: userauth is OK
DEB [20251012-18:00:08.039] thr=3   paramiko.transport: Finalizing pubkey algorithm for key of type 'ssh-rsa'
DEB [20251012-18:00:08.039] thr=3   paramiko.transport: Our pubkey algorithm list: ['rsa-sha2-512', 'rsa-sha2-256', 'ssh-rsa']
DEB [20251012-18:00:08.039] thr=3   paramiko.transport: Server-side algorithm list: ['ssh-ed25519', 'ssh-rsa', 'rsa-sha2-256', 'rsa-sha2-512', 'ssh-dss', 'ecdsa-sha2-nistp256', 'ecdsa-sha2-nistp384', 'ecdsa-sha2-nistp521']
DEB [20251012-18:00:08.039] thr=3   paramiko.transport: Agreed upon 'rsa-sha2-512' pubkey algorithm
INF [20251012-18:00:08.091] thr=3   paramiko.transport: Authentication (publickey) successful!
DEB [20251012-18:00:08.091] thr=2   paramiko.transport: [chan 0] Max packet in: 32768 bytes
DEB [20251012-18:00:08.131] thr=3   paramiko.transport: Received global request "hostkeys-00@openssh.com"
DEB [20251012-18:00:08.131] thr=3   paramiko.transport: Rejecting "hostkeys-00@openssh.com" global request from server.
DEB [20251012-18:00:08.131] thr=3   paramiko.transport: Debug msg: b'/home/aboogie/.ssh/authorized_keys:2: key options: agent-forwarding port-forwarding pty user-rc x11-forwarding'
DEB [20251012-18:00:08.134] thr=3   paramiko.transport: [chan 0] Max packet out: 32768 bytes
DEB [20251012-18:00:08.134] thr=3   paramiko.transport: Secsh channel 0 opened.
DEB [20251012-18:00:08.144] thr=3   paramiko.transport: [chan 0] Sesch channel 0 request ok
DEB [20251012-18:00:10.415] thr=3   paramiko.transport: [chan 0] EOF received (0)
DEB [20251012-18:00:10.416] thr=3   paramiko.transport: [chan 0] EOF sent (0)
DEB [20251012-18:00:10.416] thr=2   paramiko.transport: [chan 1] Max packet in: 32768 bytes
DEB [20251012-18:00:10.463] thr=3   paramiko.transport: [chan 1] Max packet out: 32768 bytes
DEB [20251012-18:00:10.463] thr=3   paramiko.transport: Secsh channel 1 opened.
DEB [20251012-18:00:10.470] thr=3   paramiko.transport: [chan 1] Sesch channel 1 request ok
DEB [20251012-18:00:13.182] thr=3   paramiko.transport: [chan 1] EOF received (1)
DEB [20251012-18:00:13.183] thr=3   paramiko.transport: [chan 1] EOF sent (1)
DEB [20251012-18:00:13.183] thr=2   paramiko.transport: [chan 2] Max packet in: 32768 bytes
DEB [20251012-18:00:13.234] thr=3   paramiko.transport: [chan 2] Max packet out: 32768 bytes
DEB [20251012-18:00:13.234] thr=3   paramiko.transport: Secsh channel 2 opened.
DEB [20251012-18:00:13.242] thr=3   paramiko.transport: [chan 2] Sesch channel 2 request ok
DEB [20251012-18:00:14.986] thr=3   paramiko.transport: [chan 2] EOF received (2)
DEB [20251012-18:00:14.987] thr=2   paramiko.transport: [chan 2] EOF sent (2)
DEB [20251012-18:00:14.987] thr=2   paramiko.transport: [chan 3] Max packet in: 32768 bytes
DEB [20251012-18:00:15.048] thr=3   paramiko.transport: [chan 3] Max packet out: 32768 bytes
DEB [20251012-18:00:15.048] thr=3   paramiko.transport: Secsh channel 3 opened.
DEB [20251012-18:00:15.057] thr=3   paramiko.transport: [chan 3] Sesch channel 3 request ok
DEB [20251012-18:00:17.280] thr=3   paramiko.transport: [chan 3] EOF received (3)
DEB [20251012-18:00:17.280] thr=2   paramiko.transport: [chan 3] EOF sent (3)
DEB [20251012-18:00:17.282] thr=2   paramiko.transport: [chan 4] Max packet in: 32768 bytes
DEB [20251012-18:00:17.332] thr=3   paramiko.transport: [chan 4] Max packet out: 32768 bytes
DEB [20251012-18:00:17.332] thr=3   paramiko.transport: Secsh channel 4 opened.
DEB [20251012-18:00:17.339] thr=3   paramiko.transport: [chan 4] Sesch channel 4 request ok
DEB [20251012-18:00:18.970] thr=3   paramiko.transport: [chan 4] EOF received (4)
DEB [20251012-18:00:18.970] thr=2   paramiko.transport: [chan 4] EOF sent (4)
DEB [20251012-18:00:18.971] thr=2   paramiko.transport: [chan 5] Max packet in: 32768 bytes
DEB [20251012-18:00:19.021] thr=3   paramiko.transport: [chan 5] Max packet out: 32768 bytes
DEB [20251012-18:00:19.021] thr=3   paramiko.transport: Secsh channel 5 opened.
DEB [20251012-18:00:19.028] thr=3   paramiko.transport: [chan 5] Sesch channel 5 request ok
DEB [20251012-18:00:19.096] thr=3   paramiko.transport: [chan 5] EOF received (5)
DEB [20251012-18:00:19.097] thr=2   paramiko.transport: [chan 5] EOF sent (5)
DEB [20251012-18:00:19.097] thr=3   paramiko.transport: Dropping user packet because connection is dead.
DEB [20251012-18:01:38.412] thr=1   paramiko.transport: starting thread (client mode): 0xa56fe30
DEB [20251012-18:01:38.413] thr=1   paramiko.transport: Local version/idstring: SSH-2.0-paramiko_3.5.1
DEB [20251012-18:01:38.439] thr=1   paramiko.transport: Remote version/idstring: SSH-2.0-OpenSSH_8.0
INF [20251012-18:01:38.439] thr=1   paramiko.transport: Connected (version 2.0, client OpenSSH_8.0)
DEB [20251012-18:01:38.443] thr=1   paramiko.transport: === Key exchange possibilities ===
DEB [20251012-18:01:38.443] thr=1   paramiko.transport: kex algos: curve25519-sha256, curve25519-sha256@libssh.org, ecdh-sha2-nistp256, ecdh-sha2-nistp384, ecdh-sha2-nistp521, diffie-hellman-group-exchange-sha256, diffie-hellman-group14-sha256, diffie-hellman-group16-sha512, diffie-hellman-group18-sha512, diffie-hellman-group-exchange-sha1, diffie-hellman-group14-sha1, kex-strict-s-v00@openssh.com
DEB [20251012-18:01:38.443] thr=1   paramiko.transport: server key: rsa-sha2-512, rsa-sha2-256, ssh-rsa, ecdsa-sha2-nistp256, ssh-ed25519
DEB [20251012-18:01:38.443] thr=1   paramiko.transport: client encrypt: aes256-gcm@openssh.com, chacha20-poly1305@openssh.com, aes256-ctr, aes256-cbc, aes128-gcm@openssh.com, aes128-ctr, aes128-cbc
DEB [20251012-18:01:38.443] thr=1   paramiko.transport: server encrypt: aes256-gcm@openssh.com, chacha20-poly1305@openssh.com, aes256-ctr, aes256-cbc, aes128-gcm@openssh.com, aes128-ctr, aes128-cbc
DEB [20251012-18:01:38.443] thr=1   paramiko.transport: client mac: hmac-sha2-256-etm@openssh.com, hmac-sha1-etm@openssh.com, umac-128-etm@openssh.com, hmac-sha2-512-etm@openssh.com, hmac-sha2-256, hmac-sha1, umac-128@openssh.com, hmac-sha2-512
DEB [20251012-18:01:38.444] thr=1   paramiko.transport: server mac: hmac-sha2-256-etm@openssh.com, hmac-sha1-etm@openssh.com, umac-128-etm@openssh.com, hmac-sha2-512-etm@openssh.com, hmac-sha2-256, hmac-sha1, umac-128@openssh.com, hmac-sha2-512
DEB [20251012-18:01:38.444] thr=1   paramiko.transport: client compress: none, zlib@openssh.com
DEB [20251012-18:01:38.444] thr=1   paramiko.transport: server compress: none, zlib@openssh.com
DEB [20251012-18:01:38.444] thr=1   paramiko.transport: client lang: <none>
DEB [20251012-18:01:38.444] thr=1   paramiko.transport: server lang: <none>
DEB [20251012-18:01:38.444] thr=1   paramiko.transport: kex follows: False
DEB [20251012-18:01:38.444] thr=1   paramiko.transport: === Key exchange agreements ===
DEB [20251012-18:01:38.444] thr=1   paramiko.transport: Strict kex mode: True
DEB [20251012-18:01:38.444] thr=1   paramiko.transport: Kex: curve25519-sha256@libssh.org
DEB [20251012-18:01:38.444] thr=1   paramiko.transport: HostKey: ssh-ed25519
DEB [20251012-18:01:38.444] thr=1   paramiko.transport: Cipher: aes128-ctr
DEB [20251012-18:01:38.444] thr=1   paramiko.transport: MAC: hmac-sha2-256
DEB [20251012-18:01:38.444] thr=1   paramiko.transport: Compression: none
DEB [20251012-18:01:38.444] thr=1   paramiko.transport: === End of kex handshake ===
DEB [20251012-18:01:38.502] thr=1   paramiko.transport: Resetting outbound seqno after NEWKEYS due to strict mode
DEB [20251012-18:01:38.502] thr=1   paramiko.transport: kex engine KexCurve25519 specified hash_algo <built-in function openssl_sha256>
DEB [20251012-18:01:38.502] thr=1   paramiko.transport: Switch to new keys ...
DEB [20251012-18:01:38.502] thr=1   paramiko.transport: Resetting inbound seqno after NEWKEYS due to strict mode
DEB [20251012-18:01:38.502] thr=2   paramiko.transport: Adding ssh-ed25519 host key for 10.0.4.177: b'7a45ccbb011a7d9de42e94537644aabb'
DEB [20251012-18:01:38.502] thr=1   paramiko.transport: Got EXT_INFO: {'server-sig-algs': b'ssh-ed25519,ssh-rsa,rsa-sha2-256,rsa-sha2-512,ssh-dss,ecdsa-sha2-nistp256,ecdsa-sha2-nistp384,ecdsa-sha2-nistp521'}
DEB [20251012-18:01:38.503] thr=2   paramiko.transport: Trying SSH key b'39a62be910212a219b2bb2c50db12d21'
DEB [20251012-18:01:38.552] thr=1   paramiko.transport: userauth is OK
DEB [20251012-18:01:38.552] thr=1   paramiko.transport: Finalizing pubkey algorithm for key of type 'ssh-rsa'
DEB [20251012-18:01:38.552] thr=1   paramiko.transport: Our pubkey algorithm list: ['rsa-sha2-512', 'rsa-sha2-256', 'ssh-rsa']
DEB [20251012-18:01:38.552] thr=1   paramiko.transport: Server-side algorithm list: ['ssh-ed25519', 'ssh-rsa', 'rsa-sha2-256', 'rsa-sha2-512', 'ssh-dss', 'ecdsa-sha2-nistp256', 'ecdsa-sha2-nistp384', 'ecdsa-sha2-nistp521']
DEB [20251012-18:01:38.552] thr=1   paramiko.transport: Agreed upon 'rsa-sha2-512' pubkey algorithm
INF [20251012-18:01:38.595] thr=1   paramiko.transport: Authentication (publickey) successful!
DEB [20251012-18:01:38.595] thr=2   paramiko.transport: [chan 0] Max packet in: 32768 bytes
DEB [20251012-18:01:38.623] thr=1   paramiko.transport: Received global request "hostkeys-00@openssh.com"
DEB [20251012-18:01:38.623] thr=1   paramiko.transport: Rejecting "hostkeys-00@openssh.com" global request from server.
DEB [20251012-18:01:38.623] thr=1   paramiko.transport: Debug msg: b'/home/aboogie/.ssh/authorized_keys:2: key options: agent-forwarding port-forwarding pty user-rc x11-forwarding'
DEB [20251012-18:01:38.627] thr=1   paramiko.transport: [chan 0] Max packet out: 32768 bytes
DEB [20251012-18:01:38.627] thr=1   paramiko.transport: Secsh channel 0 opened.
DEB [20251012-18:01:38.633] thr=1   paramiko.transport: [chan 0] Sesch channel 0 request ok
DEB [20251012-18:01:40.735] thr=1   paramiko.transport: [chan 0] EOF received (0)
DEB [20251012-18:01:40.735] thr=1   paramiko.transport: [chan 0] EOF sent (0)
DEB [20251012-18:01:40.735] thr=2   paramiko.transport: [chan 1] Max packet in: 32768 bytes
DEB [20251012-18:01:40.785] thr=1   paramiko.transport: [chan 1] Max packet out: 32768 bytes
DEB [20251012-18:01:40.785] thr=1   paramiko.transport: Secsh channel 1 opened.
DEB [20251012-18:01:40.791] thr=1   paramiko.transport: [chan 1] Sesch channel 1 request ok
DEB [20251012-18:01:43.499] thr=1   paramiko.transport: [chan 1] EOF received (1)
DEB [20251012-18:01:43.499] thr=1   paramiko.transport: [chan 1] EOF sent (1)
DEB [20251012-18:01:43.499] thr=2   paramiko.transport: [chan 2] Max packet in: 32768 bytes
DEB [20251012-18:01:43.548] thr=1   paramiko.transport: [chan 2] Max packet out: 32768 bytes
DEB [20251012-18:01:43.548] thr=1   paramiko.transport: Secsh channel 2 opened.
DEB [20251012-18:01:43.556] thr=1   paramiko.transport: [chan 2] Sesch channel 2 request ok
DEB [20251012-18:01:45.067] thr=1   paramiko.transport: [chan 2] EOF received (2)
DEB [20251012-18:01:45.067] thr=2   paramiko.transport: [chan 2] EOF sent (2)
DEB [20251012-18:01:45.068] thr=2   paramiko.transport: [chan 3] Max packet in: 32768 bytes
DEB [20251012-18:01:45.185] thr=1   paramiko.transport: [chan 3] Max packet out: 32768 bytes
DEB [20251012-18:01:45.186] thr=1   paramiko.transport: Secsh channel 3 opened.
DEB [20251012-18:01:45.193] thr=1   paramiko.transport: [chan 3] Sesch channel 3 request ok
DEB [20251012-18:01:47.758] thr=1   paramiko.transport: [chan 3] EOF received (3)
DEB [20251012-18:01:47.758] thr=2   paramiko.transport: [chan 3] EOF sent (3)
DEB [20251012-18:01:47.758] thr=2   paramiko.transport: [chan 4] Max packet in: 32768 bytes
DEB [20251012-18:01:47.903] thr=1   paramiko.transport: [chan 4] Max packet out: 32768 bytes
DEB [20251012-18:01:47.903] thr=1   paramiko.transport: Secsh channel 4 opened.
DEB [20251012-18:01:47.910] thr=1   paramiko.transport: [chan 4] Sesch channel 4 request ok
DEB [20251012-18:01:50.342] thr=1   paramiko.transport: [chan 4] EOF received (4)
DEB [20251012-18:01:50.342] thr=2   paramiko.transport: [chan 4] EOF sent (4)
DEB [20251012-18:01:50.343] thr=2   paramiko.transport: [chan 5] Max packet in: 32768 bytes
DEB [20251012-18:01:50.523] thr=1   paramiko.transport: [chan 5] Max packet out: 32768 bytes
DEB [20251012-18:01:50.523] thr=1   paramiko.transport: Secsh channel 5 opened.
DEB [20251012-18:01:50.530] thr=1   paramiko.transport: [chan 5] Sesch channel 5 request ok
DEB [20251012-18:01:50.589] thr=1   paramiko.transport: [chan 5] EOF received (5)
DEB [20251012-18:01:50.589] thr=2   paramiko.transport: [chan 5] EOF sent (5)
DEB [20251012-18:01:50.589] thr=1   paramiko.transport: EOF in transport thread
DEB [20251012-18:01:50.920] thr=3   paramiko.transport: starting thread (client mode): 0x9ab40b0
DEB [20251012-18:01:50.921] thr=3   paramiko.transport: Local version/idstring: SSH-2.0-paramiko_3.5.1
DEB [20251012-18:01:51.049] thr=3   paramiko.transport: Remote version/idstring: SSH-2.0-OpenSSH_8.0
INF [20251012-18:01:51.049] thr=3   paramiko.transport: Connected (version 2.0, client OpenSSH_8.0)
DEB [20251012-18:01:51.055] thr=3   paramiko.transport: === Key exchange possibilities ===
DEB [20251012-18:01:51.055] thr=3   paramiko.transport: kex algos: curve25519-sha256, curve25519-sha256@libssh.org, ecdh-sha2-nistp256, ecdh-sha2-nistp384, ecdh-sha2-nistp521, diffie-hellman-group-exchange-sha256, diffie-hellman-group14-sha256, diffie-hellman-group16-sha512, diffie-hellman-group18-sha512, diffie-hellman-group-exchange-sha1, diffie-hellman-group14-sha1, kex-strict-s-v00@openssh.com
DEB [20251012-18:01:51.055] thr=3   paramiko.transport: server key: rsa-sha2-512, rsa-sha2-256, ssh-rsa, ecdsa-sha2-nistp256, ssh-ed25519
DEB [20251012-18:01:51.055] thr=3   paramiko.transport: client encrypt: aes256-gcm@openssh.com, chacha20-poly1305@openssh.com, aes256-ctr, aes256-cbc, aes128-gcm@openssh.com, aes128-ctr, aes128-cbc
DEB [20251012-18:01:51.055] thr=3   paramiko.transport: server encrypt: aes256-gcm@openssh.com, chacha20-poly1305@openssh.com, aes256-ctr, aes256-cbc, aes128-gcm@openssh.com, aes128-ctr, aes128-cbc
DEB [20251012-18:01:51.055] thr=3   paramiko.transport: client mac: hmac-sha2-256-etm@openssh.com, hmac-sha1-etm@openssh.com, umac-128-etm@openssh.com, hmac-sha2-512-etm@openssh.com, hmac-sha2-256, hmac-sha1, umac-128@openssh.com, hmac-sha2-512
DEB [20251012-18:01:51.055] thr=3   paramiko.transport: server mac: hmac-sha2-256-etm@openssh.com, hmac-sha1-etm@openssh.com, umac-128-etm@openssh.com, hmac-sha2-512-etm@openssh.com, hmac-sha2-256, hmac-sha1, umac-128@openssh.com, hmac-sha2-512
DEB [20251012-18:01:51.055] thr=3   paramiko.transport: client compress: none, zlib@openssh.com
DEB [20251012-18:01:51.055] thr=3   paramiko.transport: server compress: none, zlib@openssh.com
DEB [20251012-18:01:51.055] thr=3   paramiko.transport: client lang: <none>
DEB [20251012-18:01:51.055] thr=3   paramiko.transport: server lang: <none>
DEB [20251012-18:01:51.055] thr=3   paramiko.transport: kex follows: False
DEB [20251012-18:01:51.055] thr=3   paramiko.transport: === Key exchange agreements ===
DEB [20251012-18:01:51.055] thr=3   paramiko.transport: Strict kex mode: True
DEB [20251012-18:01:51.055] thr=3   paramiko.transport: Kex: curve25519-sha256@libssh.org
DEB [20251012-18:01:51.055] thr=3   paramiko.transport: HostKey: ssh-ed25519
DEB [20251012-18:01:51.055] thr=3   paramiko.transport: Cipher: aes128-ctr
DEB [20251012-18:01:51.055] thr=3   paramiko.transport: MAC: hmac-sha2-256
DEB [20251012-18:01:51.055] thr=3   paramiko.transport: Compression: none
DEB [20251012-18:01:51.055] thr=3   paramiko.transport: === End of kex handshake ===
DEB [20251012-18:01:51.112] thr=3   paramiko.transport: Resetting outbound seqno after NEWKEYS due to strict mode
DEB [20251012-18:01:51.112] thr=3   paramiko.transport: kex engine KexCurve25519 specified hash_algo <built-in function openssl_sha256>
DEB [20251012-18:01:51.112] thr=3   paramiko.transport: Switch to new keys ...
DEB [20251012-18:01:51.112] thr=3   paramiko.transport: Resetting inbound seqno after NEWKEYS due to strict mode
DEB [20251012-18:01:51.112] thr=2   paramiko.transport: Adding ssh-ed25519 host key for 10.0.4.10: b'10ca4a3c95856e287b0595772507a843'
DEB [20251012-18:01:51.112] thr=3   paramiko.transport: Got EXT_INFO: {'server-sig-algs': b'ssh-ed25519,ssh-rsa,rsa-sha2-256,rsa-sha2-512,ssh-dss,ecdsa-sha2-nistp256,ecdsa-sha2-nistp384,ecdsa-sha2-nistp521'}
DEB [20251012-18:01:51.112] thr=2   paramiko.transport: Trying SSH key b'39a62be910212a219b2bb2c50db12d21'
DEB [20251012-18:01:51.160] thr=3   paramiko.transport: userauth is OK
DEB [20251012-18:01:51.160] thr=3   paramiko.transport: Finalizing pubkey algorithm for key of type 'ssh-rsa'
DEB [20251012-18:01:51.160] thr=3   paramiko.transport: Our pubkey algorithm list: ['rsa-sha2-512', 'rsa-sha2-256', 'ssh-rsa']
DEB [20251012-18:01:51.160] thr=3   paramiko.transport: Server-side algorithm list: ['ssh-ed25519', 'ssh-rsa', 'rsa-sha2-256', 'rsa-sha2-512', 'ssh-dss', 'ecdsa-sha2-nistp256', 'ecdsa-sha2-nistp384', 'ecdsa-sha2-nistp521']
DEB [20251012-18:01:51.160] thr=3   paramiko.transport: Agreed upon 'rsa-sha2-512' pubkey algorithm
INF [20251012-18:01:51.207] thr=3   paramiko.transport: Authentication (publickey) successful!
DEB [20251012-18:01:51.207] thr=2   paramiko.transport: [chan 0] Max packet in: 32768 bytes
DEB [20251012-18:01:51.243] thr=3   paramiko.transport: Received global request "hostkeys-00@openssh.com"
DEB [20251012-18:01:51.243] thr=3   paramiko.transport: Rejecting "hostkeys-00@openssh.com" global request from server.
DEB [20251012-18:01:51.243] thr=3   paramiko.transport: Debug msg: b'/home/aboogie/.ssh/authorized_keys:2: key options: agent-forwarding port-forwarding pty user-rc x11-forwarding'
DEB [20251012-18:01:51.246] thr=3   paramiko.transport: [chan 0] Max packet out: 32768 bytes
DEB [20251012-18:01:51.246] thr=3   paramiko.transport: Secsh channel 0 opened.
DEB [20251012-18:01:51.255] thr=3   paramiko.transport: [chan 0] Sesch channel 0 request ok
DEB [20251012-18:01:53.807] thr=3   paramiko.transport: [chan 0] EOF received (0)
DEB [20251012-18:01:53.807] thr=3   paramiko.transport: [chan 0] EOF sent (0)
DEB [20251012-18:01:53.808] thr=2   paramiko.transport: [chan 1] Max packet in: 32768 bytes
DEB [20251012-18:01:53.857] thr=3   paramiko.transport: [chan 1] Max packet out: 32768 bytes
DEB [20251012-18:01:53.858] thr=3   paramiko.transport: Secsh channel 1 opened.
DEB [20251012-18:01:53.867] thr=3   paramiko.transport: [chan 1] Sesch channel 1 request ok
DEB [20251012-18:01:55.671] thr=3   paramiko.transport: [chan 1] EOF received (1)
DEB [20251012-18:01:55.672] thr=2   paramiko.transport: [chan 1] EOF sent (1)
DEB [20251012-18:01:55.672] thr=2   paramiko.transport: [chan 2] Max packet in: 32768 bytes
DEB [20251012-18:01:55.721] thr=3   paramiko.transport: [chan 2] Max packet out: 32768 bytes
DEB [20251012-18:01:55.721] thr=3   paramiko.transport: Secsh channel 2 opened.
DEB [20251012-18:01:55.732] thr=3   paramiko.transport: [chan 2] Sesch channel 2 request ok
DEB [20251012-18:01:57.478] thr=3   paramiko.transport: [chan 2] EOF received (2)
DEB [20251012-18:01:57.478] thr=3   paramiko.transport: [chan 2] EOF sent (2)
DEB [20251012-18:01:57.479] thr=2   paramiko.transport: [chan 3] Max packet in: 32768 bytes
DEB [20251012-18:01:57.528] thr=3   paramiko.transport: [chan 3] Max packet out: 32768 bytes
DEB [20251012-18:01:57.528] thr=3   paramiko.transport: Secsh channel 3 opened.
DEB [20251012-18:01:57.539] thr=3   paramiko.transport: [chan 3] Sesch channel 3 request ok
DEB [20251012-18:01:59.892] thr=3   paramiko.transport: [chan 3] EOF received (3)
DEB [20251012-18:01:59.893] thr=2   paramiko.transport: [chan 3] EOF sent (3)
DEB [20251012-18:01:59.893] thr=2   paramiko.transport: [chan 4] Max packet in: 32768 bytes
DEB [20251012-18:01:59.942] thr=3   paramiko.transport: [chan 4] Max packet out: 32768 bytes
DEB [20251012-18:01:59.942] thr=3   paramiko.transport: Secsh channel 4 opened.
DEB [20251012-18:01:59.950] thr=3   paramiko.transport: [chan 4] Sesch channel 4 request ok
DEB [20251012-18:02:02.246] thr=3   paramiko.transport: [chan 4] EOF received (4)
DEB [20251012-18:02:02.247] thr=3   paramiko.transport: [chan 4] EOF sent (4)
DEB [20251012-18:02:02.249] thr=2   paramiko.transport: [chan 5] Max packet in: 32768 bytes
DEB [20251012-18:02:02.299] thr=3   paramiko.transport: [chan 5] Max packet out: 32768 bytes
DEB [20251012-18:02:02.300] thr=3   paramiko.transport: Secsh channel 5 opened.
DEB [20251012-18:02:02.308] thr=3   paramiko.transport: [chan 5] Sesch channel 5 request ok
DEB [20251012-18:02:02.370] thr=3   paramiko.transport: [chan 5] EOF received (5)
DEB [20251012-18:02:02.370] thr=3   paramiko.transport: [chan 5] EOF sent (5)
DEB [20251012-18:34:52.047] thr=1   paramiko.transport: starting thread (client mode): 0x6143ec0
DEB [20251012-18:34:52.047] thr=1   paramiko.transport: Local version/idstring: SSH-2.0-paramiko_3.5.1
DEB [20251012-18:34:52.081] thr=1   paramiko.transport: Remote version/idstring: SSH-2.0-OpenSSH_8.0
INF [20251012-18:34:52.081] thr=1   paramiko.transport: Connected (version 2.0, client OpenSSH_8.0)
DEB [20251012-18:34:52.101] thr=1   paramiko.transport: === Key exchange possibilities ===
DEB [20251012-18:34:52.101] thr=1   paramiko.transport: kex algos: curve25519-sha256, curve25519-sha256@libssh.org, ecdh-sha2-nistp256, ecdh-sha2-nistp384, ecdh-sha2-nistp521, diffie-hellman-group-exchange-sha256, diffie-hellman-group14-sha256, diffie-hellman-group16-sha512, diffie-hellman-group18-sha512, diffie-hellman-group-exchange-sha1, diffie-hellman-group14-sha1, kex-strict-s-v00@openssh.com
DEB [20251012-18:34:52.101] thr=1   paramiko.transport: server key: rsa-sha2-512, rsa-sha2-256, ssh-rsa, ecdsa-sha2-nistp256, ssh-ed25519
DEB [20251012-18:34:52.101] thr=1   paramiko.transport: client encrypt: aes256-gcm@openssh.com, chacha20-poly1305@openssh.com, aes256-ctr, aes256-cbc, aes128-gcm@openssh.com, aes128-ctr, aes128-cbc
DEB [20251012-18:34:52.101] thr=1   paramiko.transport: server encrypt: aes256-gcm@openssh.com, chacha20-poly1305@openssh.com, aes256-ctr, aes256-cbc, aes128-gcm@openssh.com, aes128-ctr, aes128-cbc
DEB [20251012-18:34:52.101] thr=1   paramiko.transport: client mac: hmac-sha2-256-etm@openssh.com, hmac-sha1-etm@openssh.com, umac-128-etm@openssh.com, hmac-sha2-512-etm@openssh.com, hmac-sha2-256, hmac-sha1, umac-128@openssh.com, hmac-sha2-512
DEB [20251012-18:34:52.101] thr=1   paramiko.transport: server mac: hmac-sha2-256-etm@openssh.com, hmac-sha1-etm@openssh.com, umac-128-etm@openssh.com, hmac-sha2-512-etm@openssh.com, hmac-sha2-256, hmac-sha1, umac-128@openssh.com, hmac-sha2-512
DEB [20251012-18:34:52.102] thr=1   paramiko.transport: client compress: none, zlib@openssh.com
DEB [20251012-18:34:52.102] thr=1   paramiko.transport: server compress: none, zlib@openssh.com
DEB [20251012-18:34:52.102] thr=1   paramiko.transport: client lang: <none>
DEB [20251012-18:34:52.102] thr=1   paramiko.transport: server lang: <none>
DEB [20251012-18:34:52.102] thr=1   paramiko.transport: kex follows: False
DEB [20251012-18:34:52.102] thr=1   paramiko.transport: === Key exchange agreements ===
DEB [20251012-18:34:52.102] thr=1   paramiko.transport: Strict kex mode: True
DEB [20251012-18:34:52.102] thr=1   paramiko.transport: Kex: curve25519-sha256@libssh.org
DEB [20251012-18:34:52.102] thr=1   paramiko.transport: HostKey: ssh-ed25519
DEB [20251012-18:34:52.102] thr=1   paramiko.transport: Cipher: aes128-ctr
DEB [20251012-18:34:52.102] thr=1   paramiko.transport: MAC: hmac-sha2-256
DEB [20251012-18:34:52.102] thr=1   paramiko.transport: Compression: none
DEB [20251012-18:34:52.102] thr=1   paramiko.transport: === End of kex handshake ===
DEB [20251012-18:34:52.334] thr=1   paramiko.transport: Resetting outbound seqno after NEWKEYS due to strict mode
DEB [20251012-18:34:52.334] thr=1   paramiko.transport: kex engine KexCurve25519 specified hash_algo <built-in function openssl_sha256>
DEB [20251012-18:34:52.335] thr=1   paramiko.transport: Switch to new keys ...
DEB [20251012-18:34:52.335] thr=1   paramiko.transport: Resetting inbound seqno after NEWKEYS due to strict mode
DEB [20251012-18:34:52.335] thr=2   paramiko.transport: Adding ssh-ed25519 host key for 10.0.4.177: b'7a45ccbb011a7d9de42e94537644aabb'
DEB [20251012-18:34:52.335] thr=2   paramiko.transport: Trying SSH key b'39a62be910212a219b2bb2c50db12d21'
DEB [20251012-18:34:52.335] thr=1   paramiko.transport: Got EXT_INFO: {'server-sig-algs': b'ssh-ed25519,ssh-rsa,rsa-sha2-256,rsa-sha2-512,ssh-dss,ecdsa-sha2-nistp256,ecdsa-sha2-nistp384,ecdsa-sha2-nistp521'}
DEB [20251012-18:34:52.356] thr=1   paramiko.transport: userauth is OK
DEB [20251012-18:34:52.356] thr=1   paramiko.transport: Finalizing pubkey algorithm for key of type 'ssh-rsa'
DEB [20251012-18:34:52.356] thr=1   paramiko.transport: Our pubkey algorithm list: ['rsa-sha2-512', 'rsa-sha2-256', 'ssh-rsa']
DEB [20251012-18:34:52.356] thr=1   paramiko.transport: Server-side algorithm list: ['ssh-ed25519', 'ssh-rsa', 'rsa-sha2-256', 'rsa-sha2-512', 'ssh-dss', 'ecdsa-sha2-nistp256', 'ecdsa-sha2-nistp384', 'ecdsa-sha2-nistp521']
DEB [20251012-18:34:52.356] thr=1   paramiko.transport: Agreed upon 'rsa-sha2-512' pubkey algorithm
INF [20251012-18:34:52.400] thr=1   paramiko.transport: Authentication (publickey) successful!
DEB [20251012-18:34:52.728] thr=1   paramiko.transport: EOF in transport thread
DEB [20251012-18:34:52.742] thr=3   paramiko.transport: starting thread (client mode): 0x60811f0
DEB [20251012-18:34:52.742] thr=3   paramiko.transport: Local version/idstring: SSH-2.0-paramiko_3.5.1
DEB [20251012-18:34:52.776] thr=3   paramiko.transport: Remote version/idstring: SSH-2.0-OpenSSH_8.0
INF [20251012-18:34:52.776] thr=3   paramiko.transport: Connected (version 2.0, client OpenSSH_8.0)
DEB [20251012-18:34:52.781] thr=3   paramiko.transport: === Key exchange possibilities ===
DEB [20251012-18:34:52.781] thr=3   paramiko.transport: kex algos: curve25519-sha256, curve25519-sha256@libssh.org, ecdh-sha2-nistp256, ecdh-sha2-nistp384, ecdh-sha2-nistp521, diffie-hellman-group-exchange-sha256, diffie-hellman-group14-sha256, diffie-hellman-group16-sha512, diffie-hellman-group18-sha512, diffie-hellman-group-exchange-sha1, diffie-hellman-group14-sha1, kex-strict-s-v00@openssh.com
DEB [20251012-18:34:52.781] thr=3   paramiko.transport: server key: rsa-sha2-512, rsa-sha2-256, ssh-rsa, ecdsa-sha2-nistp256, ssh-ed25519
DEB [20251012-18:34:52.781] thr=3   paramiko.transport: client encrypt: aes256-gcm@openssh.com, chacha20-poly1305@openssh.com, aes256-ctr, aes256-cbc, aes128-gcm@openssh.com, aes128-ctr, aes128-cbc
DEB [20251012-18:34:52.781] thr=3   paramiko.transport: server encrypt: aes256-gcm@openssh.com, chacha20-poly1305@openssh.com, aes256-ctr, aes256-cbc, aes128-gcm@openssh.com, aes128-ctr, aes128-cbc
DEB [20251012-18:34:52.781] thr=3   paramiko.transport: client mac: hmac-sha2-256-etm@openssh.com, hmac-sha1-etm@openssh.com, umac-128-etm@openssh.com, hmac-sha2-512-etm@openssh.com, hmac-sha2-256, hmac-sha1, umac-128@openssh.com, hmac-sha2-512
DEB [20251012-18:34:52.781] thr=3   paramiko.transport: server mac: hmac-sha2-256-etm@openssh.com, hmac-sha1-etm@openssh.com, umac-128-etm@openssh.com, hmac-sha2-512-etm@openssh.com, hmac-sha2-256, hmac-sha1, umac-128@openssh.com, hmac-sha2-512
DEB [20251012-18:34:52.781] thr=3   paramiko.transport: client compress: none, zlib@openssh.com
DEB [20251012-18:34:52.781] thr=3   paramiko.transport: server compress: none, zlib@openssh.com
DEB [20251012-18:34:52.781] thr=3   paramiko.transport: client lang: <none>
DEB [20251012-18:34:52.781] thr=3   paramiko.transport: server lang: <none>
DEB [20251012-18:34:52.781] thr=3   paramiko.transport: kex follows: False
DEB [20251012-18:34:52.781] thr=3   paramiko.transport: === Key exchange agreements ===
DEB [20251012-18:34:52.781] thr=3   paramiko.transport: Strict kex mode: True
DEB [20251012-18:34:52.781] thr=3   paramiko.transport: Kex: curve25519-sha256@libssh.org
DEB [20251012-18:34:52.781] thr=3   paramiko.transport: HostKey: ssh-ed25519
DEB [20251012-18:34:52.781] thr=3   paramiko.transport: Cipher: aes128-ctr
DEB [20251012-18:34:52.781] thr=3   paramiko.transport: MAC: hmac-sha2-256
DEB [20251012-18:34:52.781] thr=3   paramiko.transport: Compression: none
DEB [20251012-18:34:52.781] thr=3   paramiko.transport: === End of kex handshake ===
DEB [20251012-18:34:52.893] thr=3   paramiko.transport: Resetting outbound seqno after NEWKEYS due to strict mode
DEB [20251012-18:34:52.893] thr=3   paramiko.transport: kex engine KexCurve25519 specified hash_algo <built-in function openssl_sha256>
DEB [20251012-18:34:52.893] thr=3   paramiko.transport: Switch to new keys ...
DEB [20251012-18:34:52.893] thr=3   paramiko.transport: Resetting inbound seqno after NEWKEYS due to strict mode
DEB [20251012-18:34:52.893] thr=2   paramiko.transport: Adding ssh-ed25519 host key for 10.0.4.10: b'10ca4a3c95856e287b0595772507a843'
DEB [20251012-18:34:52.893] thr=3   paramiko.transport: Got EXT_INFO: {'server-sig-algs': b'ssh-ed25519,ssh-rsa,rsa-sha2-256,rsa-sha2-512,ssh-dss,ecdsa-sha2-nistp256,ecdsa-sha2-nistp384,ecdsa-sha2-nistp521'}
DEB [20251012-18:34:52.894] thr=2   paramiko.transport: Trying SSH key b'39a62be910212a219b2bb2c50db12d21'
DEB [20251012-18:34:52.906] thr=3   paramiko.transport: userauth is OK
DEB [20251012-18:34:52.907] thr=3   paramiko.transport: Finalizing pubkey algorithm for key of type 'ssh-rsa'
DEB [20251012-18:34:52.907] thr=3   paramiko.transport: Our pubkey algorithm list: ['rsa-sha2-512', 'rsa-sha2-256', 'ssh-rsa']
DEB [20251012-18:34:52.907] thr=3   paramiko.transport: Server-side algorithm list: ['ssh-ed25519', 'ssh-rsa', 'rsa-sha2-256', 'rsa-sha2-512', 'ssh-dss', 'ecdsa-sha2-nistp256', 'ecdsa-sha2-nistp384', 'ecdsa-sha2-nistp521']
DEB [20251012-18:34:52.907] thr=3   paramiko.transport: Agreed upon 'rsa-sha2-512' pubkey algorithm
INF [20251012-18:34:52.956] thr=3   paramiko.transport: Authentication (publickey) successful!
DEB [20251012-18:42:42.605] thr=1   paramiko.transport: starting thread (client mode): 0xafb3f20
DEB [20251012-18:42:42.605] thr=1   paramiko.transport: Local version/idstring: SSH-2.0-paramiko_3.5.1
DEB [20251012-18:42:42.643] thr=1   paramiko.transport: Remote version/idstring: SSH-2.0-OpenSSH_8.0
INF [20251012-18:42:42.643] thr=1   paramiko.transport: Connected (version 2.0, client OpenSSH_8.0)
DEB [20251012-18:42:42.648] thr=1   paramiko.transport: === Key exchange possibilities ===
DEB [20251012-18:42:42.648] thr=1   paramiko.transport: kex algos: curve25519-sha256, curve25519-sha256@libssh.org, ecdh-sha2-nistp256, ecdh-sha2-nistp384, ecdh-sha2-nistp521, diffie-hellman-group-exchange-sha256, diffie-hellman-group14-sha256, diffie-hellman-group16-sha512, diffie-hellman-group18-sha512, diffie-hellman-group-exchange-sha1, diffie-hellman-group14-sha1, kex-strict-s-v00@openssh.com
DEB [20251012-18:42:42.648] thr=1   paramiko.transport: server key: rsa-sha2-512, rsa-sha2-256, ssh-rsa, ecdsa-sha2-nistp256, ssh-ed25519
DEB [20251012-18:42:42.648] thr=1   paramiko.transport: client encrypt: aes256-gcm@openssh.com, chacha20-poly1305@openssh.com, aes256-ctr, aes256-cbc, aes128-gcm@openssh.com, aes128-ctr, aes128-cbc
DEB [20251012-18:42:42.648] thr=1   paramiko.transport: server encrypt: aes256-gcm@openssh.com, chacha20-poly1305@openssh.com, aes256-ctr, aes256-cbc, aes128-gcm@openssh.com, aes128-ctr, aes128-cbc
DEB [20251012-18:42:42.648] thr=1   paramiko.transport: client mac: hmac-sha2-256-etm@openssh.com, hmac-sha1-etm@openssh.com, umac-128-etm@openssh.com, hmac-sha2-512-etm@openssh.com, hmac-sha2-256, hmac-sha1, umac-128@openssh.com, hmac-sha2-512
DEB [20251012-18:42:42.648] thr=1   paramiko.transport: server mac: hmac-sha2-256-etm@openssh.com, hmac-sha1-etm@openssh.com, umac-128-etm@openssh.com, hmac-sha2-512-etm@openssh.com, hmac-sha2-256, hmac-sha1, umac-128@openssh.com, hmac-sha2-512
DEB [20251012-18:42:42.648] thr=1   paramiko.transport: client compress: none, zlib@openssh.com
DEB [20251012-18:42:42.648] thr=1   paramiko.transport: server compress: none, zlib@openssh.com
DEB [20251012-18:42:42.648] thr=1   paramiko.transport: client lang: <none>
DEB [20251012-18:42:42.648] thr=1   paramiko.transport: server lang: <none>
DEB [20251012-18:42:42.648] thr=1   paramiko.transport: kex follows: False
DEB [20251012-18:42:42.648] thr=1   paramiko.transport: === Key exchange agreements ===
DEB [20251012-18:42:42.648] thr=1   paramiko.transport: Strict kex mode: True
DEB [20251012-18:42:42.649] thr=1   paramiko.transport: Kex: curve25519-sha256@libssh.org
DEB [20251012-18:42:42.649] thr=1   paramiko.transport: HostKey: ssh-ed25519
DEB [20251012-18:42:42.649] thr=1   paramiko.transport: Cipher: aes128-ctr
DEB [20251012-18:42:42.649] thr=1   paramiko.transport: MAC: hmac-sha2-256
DEB [20251012-18:42:42.649] thr=1   paramiko.transport: Compression: none
DEB [20251012-18:42:42.649] thr=1   paramiko.transport: === End of kex handshake ===
DEB [20251012-18:42:42.711] thr=1   paramiko.transport: Resetting outbound seqno after NEWKEYS due to strict mode
DEB [20251012-18:42:42.711] thr=1   paramiko.transport: kex engine KexCurve25519 specified hash_algo <built-in function openssl_sha256>
DEB [20251012-18:42:42.712] thr=1   paramiko.transport: Switch to new keys ...
DEB [20251012-18:42:42.712] thr=1   paramiko.transport: Resetting inbound seqno after NEWKEYS due to strict mode
DEB [20251012-18:42:42.712] thr=2   paramiko.transport: Adding ssh-ed25519 host key for 10.0.4.177: b'7a45ccbb011a7d9de42e94537644aabb'
DEB [20251012-18:42:42.712] thr=2   paramiko.transport: Trying SSH key b'39a62be910212a219b2bb2c50db12d21'
DEB [20251012-18:42:42.712] thr=1   paramiko.transport: Got EXT_INFO: {'server-sig-algs': b'ssh-ed25519,ssh-rsa,rsa-sha2-256,rsa-sha2-512,ssh-dss,ecdsa-sha2-nistp256,ecdsa-sha2-nistp384,ecdsa-sha2-nistp521'}
DEB [20251012-18:42:42.763] thr=1   paramiko.transport: userauth is OK
DEB [20251012-18:42:42.763] thr=1   paramiko.transport: Finalizing pubkey algorithm for key of type 'ssh-rsa'
DEB [20251012-18:42:42.763] thr=1   paramiko.transport: Our pubkey algorithm list: ['rsa-sha2-512', 'rsa-sha2-256', 'ssh-rsa']
DEB [20251012-18:42:42.763] thr=1   paramiko.transport: Server-side algorithm list: ['ssh-ed25519', 'ssh-rsa', 'rsa-sha2-256', 'rsa-sha2-512', 'ssh-dss', 'ecdsa-sha2-nistp256', 'ecdsa-sha2-nistp384', 'ecdsa-sha2-nistp521']
DEB [20251012-18:42:42.763] thr=1   paramiko.transport: Agreed upon 'rsa-sha2-512' pubkey algorithm
INF [20251012-18:42:42.877] thr=1   paramiko.transport: Authentication (publickey) successful!
DEB [20251012-18:42:43.218] thr=1   paramiko.transport: EOF in transport thread
DEB [20251012-18:42:43.228] thr=3   paramiko.transport: starting thread (client mode): 0xafde840
DEB [20251012-18:42:43.228] thr=3   paramiko.transport: Local version/idstring: SSH-2.0-paramiko_3.5.1
DEB [20251012-18:42:43.264] thr=3   paramiko.transport: Remote version/idstring: SSH-2.0-OpenSSH_8.0
INF [20251012-18:42:43.264] thr=3   paramiko.transport: Connected (version 2.0, client OpenSSH_8.0)
DEB [20251012-18:42:43.271] thr=3   paramiko.transport: === Key exchange possibilities ===
DEB [20251012-18:42:43.271] thr=3   paramiko.transport: kex algos: curve25519-sha256, curve25519-sha256@libssh.org, ecdh-sha2-nistp256, ecdh-sha2-nistp384, ecdh-sha2-nistp521, diffie-hellman-group-exchange-sha256, diffie-hellman-group14-sha256, diffie-hellman-group16-sha512, diffie-hellman-group18-sha512, diffie-hellman-group-exchange-sha1, diffie-hellman-group14-sha1, kex-strict-s-v00@openssh.com
DEB [20251012-18:42:43.271] thr=3   paramiko.transport: server key: rsa-sha2-512, rsa-sha2-256, ssh-rsa, ecdsa-sha2-nistp256, ssh-ed25519
DEB [20251012-18:42:43.271] thr=3   paramiko.transport: client encrypt: aes256-gcm@openssh.com, chacha20-poly1305@openssh.com, aes256-ctr, aes256-cbc, aes128-gcm@openssh.com, aes128-ctr, aes128-cbc
DEB [20251012-18:42:43.271] thr=3   paramiko.transport: server encrypt: aes256-gcm@openssh.com, chacha20-poly1305@openssh.com, aes256-ctr, aes256-cbc, aes128-gcm@openssh.com, aes128-ctr, aes128-cbc
DEB [20251012-18:42:43.271] thr=3   paramiko.transport: client mac: hmac-sha2-256-etm@openssh.com, hmac-sha1-etm@openssh.com, umac-128-etm@openssh.com, hmac-sha2-512-etm@openssh.com, hmac-sha2-256, hmac-sha1, umac-128@openssh.com, hmac-sha2-512
DEB [20251012-18:42:43.271] thr=3   paramiko.transport: server mac: hmac-sha2-256-etm@openssh.com, hmac-sha1-etm@openssh.com, umac-128-etm@openssh.com, hmac-sha2-512-etm@openssh.com, hmac-sha2-256, hmac-sha1, umac-128@openssh.com, hmac-sha2-512
DEB [20251012-18:42:43.272] thr=3   paramiko.transport: client compress: none, zlib@openssh.com
DEB [20251012-18:42:43.272] thr=3   paramiko.transport: server compress: none, zlib@openssh.com
DEB [20251012-18:42:43.272] thr=3   paramiko.transport: client lang: <none>
DEB [20251012-18:42:43.272] thr=3   paramiko.transport: server lang: <none>
DEB [20251012-18:42:43.272] thr=3   paramiko.transport: kex follows: False
DEB [20251012-18:42:43.272] thr=3   paramiko.transport: === Key exchange agreements ===
DEB [20251012-18:42:43.272] thr=3   paramiko.transport: Strict kex mode: True
DEB [20251012-18:42:43.272] thr=3   paramiko.transport: Kex: curve25519-sha256@libssh.org
DEB [20251012-18:42:43.272] thr=3   paramiko.transport: HostKey: ssh-ed25519
DEB [20251012-18:42:43.272] thr=3   paramiko.transport: Cipher: aes128-ctr
DEB [20251012-18:42:43.272] thr=3   paramiko.transport: MAC: hmac-sha2-256
DEB [20251012-18:42:43.272] thr=3   paramiko.transport: Compression: none
DEB [20251012-18:42:43.272] thr=3   paramiko.transport: === End of kex handshake ===
DEB [20251012-18:42:43.288] thr=3   paramiko.transport: Resetting outbound seqno after NEWKEYS due to strict mode
DEB [20251012-18:42:43.289] thr=3   paramiko.transport: kex engine KexCurve25519 specified hash_algo <built-in function openssl_sha256>
DEB [20251012-18:42:43.289] thr=3   paramiko.transport: Switch to new keys ...
DEB [20251012-18:42:43.289] thr=3   paramiko.transport: Resetting inbound seqno after NEWKEYS due to strict mode
DEB [20251012-18:42:43.289] thr=2   paramiko.transport: Adding ssh-ed25519 host key for 10.0.4.10: b'10ca4a3c95856e287b0595772507a843'
DEB [20251012-18:42:43.289] thr=3   paramiko.transport: Got EXT_INFO: {'server-sig-algs': b'ssh-ed25519,ssh-rsa,rsa-sha2-256,rsa-sha2-512,ssh-dss,ecdsa-sha2-nistp256,ecdsa-sha2-nistp384,ecdsa-sha2-nistp521'}
DEB [20251012-18:42:43.289] thr=2   paramiko.transport: Trying SSH key b'39a62be910212a219b2bb2c50db12d21'
DEB [20251012-18:42:43.338] thr=3   paramiko.transport: userauth is OK
DEB [20251012-18:42:43.338] thr=3   paramiko.transport: Finalizing pubkey algorithm for key of type 'ssh-rsa'
DEB [20251012-18:42:43.338] thr=3   paramiko.transport: Our pubkey algorithm list: ['rsa-sha2-512', 'rsa-sha2-256', 'ssh-rsa']
DEB [20251012-18:42:43.338] thr=3   paramiko.transport: Server-side algorithm list: ['ssh-ed25519', 'ssh-rsa', 'rsa-sha2-256', 'rsa-sha2-512', 'ssh-dss', 'ecdsa-sha2-nistp256', 'ecdsa-sha2-nistp384', 'ecdsa-sha2-nistp521']
DEB [20251012-18:42:43.338] thr=3   paramiko.transport: Agreed upon 'rsa-sha2-512' pubkey algorithm
INF [20251012-18:42:43.392] thr=3   paramiko.transport: Authentication (publickey) successful!
DEB [20251012-18:43:29.657] thr=1   paramiko.transport: starting thread (client mode): 0xa302750
DEB [20251012-18:43:29.657] thr=1   paramiko.transport: Local version/idstring: SSH-2.0-paramiko_3.5.1
DEB [20251012-18:43:29.684] thr=1   paramiko.transport: Remote version/idstring: SSH-2.0-OpenSSH_8.0
INF [20251012-18:43:29.684] thr=1   paramiko.transport: Connected (version 2.0, client OpenSSH_8.0)
DEB [20251012-18:43:29.688] thr=1   paramiko.transport: === Key exchange possibilities ===
DEB [20251012-18:43:29.688] thr=1   paramiko.transport: kex algos: curve25519-sha256, curve25519-sha256@libssh.org, ecdh-sha2-nistp256, ecdh-sha2-nistp384, ecdh-sha2-nistp521, diffie-hellman-group-exchange-sha256, diffie-hellman-group14-sha256, diffie-hellman-group16-sha512, diffie-hellman-group18-sha512, diffie-hellman-group-exchange-sha1, diffie-hellman-group14-sha1, kex-strict-s-v00@openssh.com
DEB [20251012-18:43:29.688] thr=1   paramiko.transport: server key: rsa-sha2-512, rsa-sha2-256, ssh-rsa, ecdsa-sha2-nistp256, ssh-ed25519
DEB [20251012-18:43:29.688] thr=1   paramiko.transport: client encrypt: aes256-gcm@openssh.com, chacha20-poly1305@openssh.com, aes256-ctr, aes256-cbc, aes128-gcm@openssh.com, aes128-ctr, aes128-cbc
DEB [20251012-18:43:29.688] thr=1   paramiko.transport: server encrypt: aes256-gcm@openssh.com, chacha20-poly1305@openssh.com, aes256-ctr, aes256-cbc, aes128-gcm@openssh.com, aes128-ctr, aes128-cbc
DEB [20251012-18:43:29.688] thr=1   paramiko.transport: client mac: hmac-sha2-256-etm@openssh.com, hmac-sha1-etm@openssh.com, umac-128-etm@openssh.com, hmac-sha2-512-etm@openssh.com, hmac-sha2-256, hmac-sha1, umac-128@openssh.com, hmac-sha2-512
DEB [20251012-18:43:29.688] thr=1   paramiko.transport: server mac: hmac-sha2-256-etm@openssh.com, hmac-sha1-etm@openssh.com, umac-128-etm@openssh.com, hmac-sha2-512-etm@openssh.com, hmac-sha2-256, hmac-sha1, umac-128@openssh.com, hmac-sha2-512
DEB [20251012-18:43:29.688] thr=1   paramiko.transport: client compress: none, zlib@openssh.com
DEB [20251012-18:43:29.688] thr=1   paramiko.transport: server compress: none, zlib@openssh.com
DEB [20251012-18:43:29.688] thr=1   paramiko.transport: client lang: <none>
DEB [20251012-18:43:29.688] thr=1   paramiko.transport: server lang: <none>
DEB [20251012-18:43:29.688] thr=1   paramiko.transport: kex follows: False
DEB [20251012-18:43:29.688] thr=1   paramiko.transport: === Key exchange agreements ===
DEB [20251012-18:43:29.688] thr=1   paramiko.transport: Strict kex mode: True
DEB [20251012-18:43:29.688] thr=1   paramiko.transport: Kex: curve25519-sha256@libssh.org
DEB [20251012-18:43:29.688] thr=1   paramiko.transport: HostKey: ssh-ed25519
DEB [20251012-18:43:29.688] thr=1   paramiko.transport: Cipher: aes128-ctr
DEB [20251012-18:43:29.688] thr=1   paramiko.transport: MAC: hmac-sha2-256
DEB [20251012-18:43:29.688] thr=1   paramiko.transport: Compression: none
DEB [20251012-18:43:29.688] thr=1   paramiko.transport: === End of kex handshake ===
DEB [20251012-18:43:29.752] thr=1   paramiko.transport: Resetting outbound seqno after NEWKEYS due to strict mode
DEB [20251012-18:43:29.752] thr=1   paramiko.transport: kex engine KexCurve25519 specified hash_algo <built-in function openssl_sha256>
DEB [20251012-18:43:29.752] thr=1   paramiko.transport: Switch to new keys ...
DEB [20251012-18:43:29.752] thr=1   paramiko.transport: Resetting inbound seqno after NEWKEYS due to strict mode
DEB [20251012-18:43:29.752] thr=2   paramiko.transport: Adding ssh-ed25519 host key for 10.0.4.177: b'7a45ccbb011a7d9de42e94537644aabb'
DEB [20251012-18:43:29.752] thr=1   paramiko.transport: Got EXT_INFO: {'server-sig-algs': b'ssh-ed25519,ssh-rsa,rsa-sha2-256,rsa-sha2-512,ssh-dss,ecdsa-sha2-nistp256,ecdsa-sha2-nistp384,ecdsa-sha2-nistp521'}
DEB [20251012-18:43:29.753] thr=2   paramiko.transport: Trying SSH key b'39a62be910212a219b2bb2c50db12d21'
DEB [20251012-18:43:29.801] thr=1   paramiko.transport: userauth is OK
DEB [20251012-18:43:29.801] thr=1   paramiko.transport: Finalizing pubkey algorithm for key of type 'ssh-rsa'
DEB [20251012-18:43:29.801] thr=1   paramiko.transport: Our pubkey algorithm list: ['rsa-sha2-512', 'rsa-sha2-256', 'ssh-rsa']
DEB [20251012-18:43:29.801] thr=1   paramiko.transport: Server-side algorithm list: ['ssh-ed25519', 'ssh-rsa', 'rsa-sha2-256', 'rsa-sha2-512', 'ssh-dss', 'ecdsa-sha2-nistp256', 'ecdsa-sha2-nistp384', 'ecdsa-sha2-nistp521']
DEB [20251012-18:43:29.801] thr=1   paramiko.transport: Agreed upon 'rsa-sha2-512' pubkey algorithm
INF [20251012-18:43:29.846] thr=1   paramiko.transport: Authentication (publickey) successful!
DEB [20251012-18:43:29.847] thr=2   paramiko.transport: [chan 0] Max packet in: 32768 bytes
DEB [20251012-18:43:29.876] thr=1   paramiko.transport: Received global request "hostkeys-00@openssh.com"
DEB [20251012-18:43:29.876] thr=1   paramiko.transport: Rejecting "hostkeys-00@openssh.com" global request from server.
DEB [20251012-18:43:29.876] thr=1   paramiko.transport: Debug msg: b'/home/aboogie/.ssh/authorized_keys:2: key options: agent-forwarding port-forwarding pty user-rc x11-forwarding'
DEB [20251012-18:43:29.880] thr=1   paramiko.transport: [chan 0] Max packet out: 32768 bytes
DEB [20251012-18:43:29.880] thr=1   paramiko.transport: Secsh channel 0 opened.
DEB [20251012-18:43:29.887] thr=1   paramiko.transport: [chan 0] Sesch channel 0 request ok
DEB [20251012-18:43:32.024] thr=1   paramiko.transport: [chan 0] EOF received (0)
DEB [20251012-18:43:32.025] thr=1   paramiko.transport: [chan 0] EOF sent (0)
DEB [20251012-18:43:32.025] thr=2   paramiko.transport: [chan 1] Max packet in: 32768 bytes
DEB [20251012-18:43:32.080] thr=1   paramiko.transport: [chan 1] Max packet out: 32768 bytes
DEB [20251012-18:43:32.080] thr=1   paramiko.transport: Secsh channel 1 opened.
DEB [20251012-18:43:32.088] thr=1   paramiko.transport: [chan 1] Sesch channel 1 request ok
DEB [20251012-18:43:33.821] thr=1   paramiko.transport: [chan 1] EOF received (1)
DEB [20251012-18:43:33.821] thr=2   paramiko.transport: [chan 1] EOF sent (1)
DEB [20251012-18:43:33.822] thr=2   paramiko.transport: [chan 2] Max packet in: 32768 bytes
DEB [20251012-18:43:33.874] thr=1   paramiko.transport: [chan 2] Max packet out: 32768 bytes
DEB [20251012-18:43:33.874] thr=1   paramiko.transport: Secsh channel 2 opened.
DEB [20251012-18:43:33.881] thr=1   paramiko.transport: [chan 2] Sesch channel 2 request ok
DEB [20251012-18:43:36.227] thr=1   paramiko.transport: [chan 2] EOF received (2)
DEB [20251012-18:43:36.227] thr=2   paramiko.transport: [chan 2] EOF sent (2)
DEB [20251012-18:43:36.228] thr=2   paramiko.transport: [chan 3] Max packet in: 32768 bytes
DEB [20251012-18:43:36.278] thr=1   paramiko.transport: [chan 3] Max packet out: 32768 bytes
DEB [20251012-18:43:36.278] thr=1   paramiko.transport: Secsh channel 3 opened.
DEB [20251012-18:43:36.291] thr=1   paramiko.transport: [chan 3] Sesch channel 3 request ok
DEB [20251012-18:43:37.709] thr=1   paramiko.transport: [chan 3] EOF received (3)
DEB [20251012-18:43:37.709] thr=2   paramiko.transport: [chan 3] EOF sent (3)
DEB [20251012-18:43:37.709] thr=2   paramiko.transport: [chan 4] Max packet in: 32768 bytes
DEB [20251012-18:43:37.758] thr=1   paramiko.transport: [chan 4] Max packet out: 32768 bytes
DEB [20251012-18:43:37.758] thr=1   paramiko.transport: Secsh channel 4 opened.
DEB [20251012-18:43:37.765] thr=1   paramiko.transport: [chan 4] Sesch channel 4 request ok
DEB [20251012-18:43:39.990] thr=1   paramiko.transport: [chan 4] EOF received (4)
DEB [20251012-18:43:39.990] thr=2   paramiko.transport: [chan 4] EOF sent (4)
DEB [20251012-18:43:39.991] thr=2   paramiko.transport: [chan 5] Max packet in: 32768 bytes
DEB [20251012-18:43:40.044] thr=1   paramiko.transport: [chan 5] Max packet out: 32768 bytes
DEB [20251012-18:43:40.044] thr=1   paramiko.transport: Secsh channel 5 opened.
DEB [20251012-18:43:40.052] thr=1   paramiko.transport: [chan 5] Sesch channel 5 request ok
DEB [20251012-18:43:42.218] thr=1   paramiko.transport: [chan 5] EOF received (5)
DEB [20251012-18:43:42.218] thr=2   paramiko.transport: [chan 5] EOF sent (5)
DEB [20251012-18:43:42.218] thr=1   paramiko.transport: EOF in transport thread
DEB [20251012-18:43:42.550] thr=3   paramiko.transport: starting thread (client mode): 0xa3a80b0
DEB [20251012-18:43:42.550] thr=3   paramiko.transport: Local version/idstring: SSH-2.0-paramiko_3.5.1
DEB [20251012-18:43:42.581] thr=3   paramiko.transport: Remote version/idstring: SSH-2.0-OpenSSH_8.0
INF [20251012-18:43:42.581] thr=3   paramiko.transport: Connected (version 2.0, client OpenSSH_8.0)
DEB [20251012-18:43:42.592] thr=3   paramiko.transport: === Key exchange possibilities ===
DEB [20251012-18:43:42.592] thr=3   paramiko.transport: kex algos: curve25519-sha256, curve25519-sha256@libssh.org, ecdh-sha2-nistp256, ecdh-sha2-nistp384, ecdh-sha2-nistp521, diffie-hellman-group-exchange-sha256, diffie-hellman-group14-sha256, diffie-hellman-group16-sha512, diffie-hellman-group18-sha512, diffie-hellman-group-exchange-sha1, diffie-hellman-group14-sha1, kex-strict-s-v00@openssh.com
DEB [20251012-18:43:42.592] thr=3   paramiko.transport: server key: rsa-sha2-512, rsa-sha2-256, ssh-rsa, ecdsa-sha2-nistp256, ssh-ed25519
DEB [20251012-18:43:42.592] thr=3   paramiko.transport: client encrypt: aes256-gcm@openssh.com, chacha20-poly1305@openssh.com, aes256-ctr, aes256-cbc, aes128-gcm@openssh.com, aes128-ctr, aes128-cbc
DEB [20251012-18:43:42.592] thr=3   paramiko.transport: server encrypt: aes256-gcm@openssh.com, chacha20-poly1305@openssh.com, aes256-ctr, aes256-cbc, aes128-gcm@openssh.com, aes128-ctr, aes128-cbc
DEB [20251012-18:43:42.592] thr=3   paramiko.transport: client mac: hmac-sha2-256-etm@openssh.com, hmac-sha1-etm@openssh.com, umac-128-etm@openssh.com, hmac-sha2-512-etm@openssh.com, hmac-sha2-256, hmac-sha1, umac-128@openssh.com, hmac-sha2-512
DEB [20251012-18:43:42.592] thr=3   paramiko.transport: server mac: hmac-sha2-256-etm@openssh.com, hmac-sha1-etm@openssh.com, umac-128-etm@openssh.com, hmac-sha2-512-etm@openssh.com, hmac-sha2-256, hmac-sha1, umac-128@openssh.com, hmac-sha2-512
DEB [20251012-18:43:42.592] thr=3   paramiko.transport: client compress: none, zlib@openssh.com
DEB [20251012-18:43:42.592] thr=3   paramiko.transport: server compress: none, zlib@openssh.com
DEB [20251012-18:43:42.592] thr=3   paramiko.transport: client lang: <none>
DEB [20251012-18:43:42.592] thr=3   paramiko.transport: server lang: <none>
DEB [20251012-18:43:42.592] thr=3   paramiko.transport: kex follows: False
DEB [20251012-18:43:42.592] thr=3   paramiko.transport: === Key exchange agreements ===
DEB [20251012-18:43:42.592] thr=3   paramiko.transport: Strict kex mode: True
DEB [20251012-18:43:42.592] thr=3   paramiko.transport: Kex: curve25519-sha256@libssh.org
DEB [20251012-18:43:42.592] thr=3   paramiko.transport: HostKey: ssh-ed25519
DEB [20251012-18:43:42.592] thr=3   paramiko.transport: Cipher: aes128-ctr
DEB [20251012-18:43:42.592] thr=3   paramiko.transport: MAC: hmac-sha2-256
DEB [20251012-18:43:42.593] thr=3   paramiko.transport: Compression: none
DEB [20251012-18:43:42.593] thr=3   paramiko.transport: === End of kex handshake ===
DEB [20251012-18:43:42.612] thr=3   paramiko.transport: Resetting outbound seqno after NEWKEYS due to strict mode
DEB [20251012-18:43:42.612] thr=3   paramiko.transport: kex engine KexCurve25519 specified hash_algo <built-in function openssl_sha256>
DEB [20251012-18:43:42.612] thr=3   paramiko.transport: Switch to new keys ...
DEB [20251012-18:43:42.613] thr=3   paramiko.transport: Resetting inbound seqno after NEWKEYS due to strict mode
DEB [20251012-18:43:42.613] thr=2   paramiko.transport: Adding ssh-ed25519 host key for 10.0.4.10: b'10ca4a3c95856e287b0595772507a843'
DEB [20251012-18:43:42.613] thr=3   paramiko.transport: Got EXT_INFO: {'server-sig-algs': b'ssh-ed25519,ssh-rsa,rsa-sha2-256,rsa-sha2-512,ssh-dss,ecdsa-sha2-nistp256,ecdsa-sha2-nistp384,ecdsa-sha2-nistp521'}
DEB [20251012-18:43:42.613] thr=2   paramiko.transport: Trying SSH key b'39a62be910212a219b2bb2c50db12d21'
DEB [20251012-18:43:42.660] thr=3   paramiko.transport: userauth is OK
DEB [20251012-18:43:42.660] thr=3   paramiko.transport: Finalizing pubkey algorithm for key of type 'ssh-rsa'
DEB [20251012-18:43:42.660] thr=3   paramiko.transport: Our pubkey algorithm list: ['rsa-sha2-512', 'rsa-sha2-256', 'ssh-rsa']
DEB [20251012-18:43:42.660] thr=3   paramiko.transport: Server-side algorithm list: ['ssh-ed25519', 'ssh-rsa', 'rsa-sha2-256', 'rsa-sha2-512', 'ssh-dss', 'ecdsa-sha2-nistp256', 'ecdsa-sha2-nistp384', 'ecdsa-sha2-nistp521']
DEB [20251012-18:43:42.660] thr=3   paramiko.transport: Agreed upon 'rsa-sha2-512' pubkey algorithm
INF [20251012-18:43:42.705] thr=3   paramiko.transport: Authentication (publickey) successful!
DEB [20251012-18:43:42.706] thr=2   paramiko.transport: [chan 0] Max packet in: 32768 bytes
DEB [20251012-18:43:42.738] thr=3   paramiko.transport: Received global request "hostkeys-00@openssh.com"
DEB [20251012-18:43:42.739] thr=3   paramiko.transport: Rejecting "hostkeys-00@openssh.com" global request from server.
DEB [20251012-18:43:42.739] thr=3   paramiko.transport: Debug msg: b'/home/aboogie/.ssh/authorized_keys:2: key options: agent-forwarding port-forwarding pty user-rc x11-forwarding'
DEB [20251012-18:43:42.742] thr=3   paramiko.transport: [chan 0] Max packet out: 32768 bytes
DEB [20251012-18:43:42.742] thr=3   paramiko.transport: Secsh channel 0 opened.
DEB [20251012-18:43:42.754] thr=3   paramiko.transport: [chan 0] Sesch channel 0 request ok
DEB [20251012-18:43:44.687] thr=3   paramiko.transport: [chan 0] EOF received (0)
DEB [20251012-18:43:44.687] thr=3   paramiko.transport: [chan 0] EOF sent (0)
DEB [20251012-18:43:44.688] thr=2   paramiko.transport: [chan 1] Max packet in: 32768 bytes
DEB [20251012-18:43:44.740] thr=3   paramiko.transport: [chan 1] Max packet out: 32768 bytes
DEB [20251012-18:43:44.741] thr=3   paramiko.transport: Secsh channel 1 opened.
DEB [20251012-18:43:44.750] thr=3   paramiko.transport: [chan 1] Sesch channel 1 request ok
DEB [20251012-18:43:46.947] thr=3   paramiko.transport: [chan 1] EOF received (1)
DEB [20251012-18:43:46.947] thr=3   paramiko.transport: [chan 1] EOF sent (1)
DEB [20251012-18:43:46.948] thr=2   paramiko.transport: [chan 2] Max packet in: 32768 bytes
DEB [20251012-18:43:46.999] thr=3   paramiko.transport: [chan 2] Max packet out: 32768 bytes
DEB [20251012-18:43:46.999] thr=3   paramiko.transport: Secsh channel 2 opened.
DEB [20251012-18:43:47.011] thr=3   paramiko.transport: [chan 2] Sesch channel 2 request ok
DEB [20251012-18:43:49.141] thr=3   paramiko.transport: [chan 2] EOF received (2)
DEB [20251012-18:43:49.144] thr=3   paramiko.transport: [chan 2] EOF sent (2)
DEB [20251012-18:43:49.145] thr=2   paramiko.transport: [chan 3] Max packet in: 32768 bytes
DEB [20251012-18:43:49.193] thr=3   paramiko.transport: [chan 3] Max packet out: 32768 bytes
DEB [20251012-18:43:49.193] thr=3   paramiko.transport: Secsh channel 3 opened.
DEB [20251012-18:43:49.202] thr=3   paramiko.transport: [chan 3] Sesch channel 3 request ok
DEB [20251012-18:43:50.953] thr=3   paramiko.transport: [chan 3] EOF received (3)
DEB [20251012-18:43:50.953] thr=3   paramiko.transport: [chan 3] EOF sent (3)
DEB [20251012-18:43:50.954] thr=2   paramiko.transport: [chan 4] Max packet in: 32768 bytes
DEB [20251012-18:43:51.002] thr=3   paramiko.transport: [chan 4] Max packet out: 32768 bytes
DEB [20251012-18:43:51.002] thr=3   paramiko.transport: Secsh channel 4 opened.
DEB [20251012-18:43:51.011] thr=3   paramiko.transport: [chan 4] Sesch channel 4 request ok
DEB [20251012-18:43:53.026] thr=3   paramiko.transport: [chan 4] EOF received (4)
DEB [20251012-18:43:53.026] thr=2   paramiko.transport: [chan 4] EOF sent (4)
DEB [20251012-18:43:53.026] thr=2   paramiko.transport: [chan 5] Max packet in: 32768 bytes
DEB [20251012-18:43:53.089] thr=3   paramiko.transport: [chan 5] Max packet out: 32768 bytes
DEB [20251012-18:43:53.089] thr=3   paramiko.transport: Secsh channel 5 opened.
DEB [20251012-18:43:53.097] thr=3   paramiko.transport: [chan 5] Sesch channel 5 request ok
DEB [20251012-18:43:55.066] thr=3   paramiko.transport: [chan 5] EOF received (5)
DEB [20251012-18:43:55.066] thr=2   paramiko.transport: [chan 5] EOF sent (5)
DEB [20251012-18:43:55.066] thr=3   paramiko.transport: EOF in transport thread
DEB [20251012-20:07:55.663] thr=1   paramiko.transport: starting thread (client mode): 0x872bb00
DEB [20251012-20:07:55.664] thr=1   paramiko.transport: Local version/idstring: SSH-2.0-paramiko_3.5.1
DEB [20251012-20:07:55.692] thr=1   paramiko.transport: Remote version/idstring: SSH-2.0-OpenSSH_8.0
INF [20251012-20:07:55.692] thr=1   paramiko.transport: Connected (version 2.0, client OpenSSH_8.0)
DEB [20251012-20:07:55.696] thr=1   paramiko.transport: === Key exchange possibilities ===
DEB [20251012-20:07:55.696] thr=1   paramiko.transport: kex algos: curve25519-sha256, curve25519-sha256@libssh.org, ecdh-sha2-nistp256, ecdh-sha2-nistp384, ecdh-sha2-nistp521, diffie-hellman-group-exchange-sha256, diffie-hellman-group14-sha256, diffie-hellman-group16-sha512, diffie-hellman-group18-sha512, diffie-hellman-group-exchange-sha1, diffie-hellman-group14-sha1, kex-strict-s-v00@openssh.com
DEB [20251012-20:07:55.696] thr=1   paramiko.transport: server key: rsa-sha2-512, rsa-sha2-256, ssh-rsa, ecdsa-sha2-nistp256, ssh-ed25519
DEB [20251012-20:07:55.696] thr=1   paramiko.transport: client encrypt: aes256-gcm@openssh.com, chacha20-poly1305@openssh.com, aes256-ctr, aes256-cbc, aes128-gcm@openssh.com, aes128-ctr, aes128-cbc
DEB [20251012-20:07:55.696] thr=1   paramiko.transport: server encrypt: aes256-gcm@openssh.com, chacha20-poly1305@openssh.com, aes256-ctr, aes256-cbc, aes128-gcm@openssh.com, aes128-ctr, aes128-cbc
DEB [20251012-20:07:55.696] thr=1   paramiko.transport: client mac: hmac-sha2-256-etm@openssh.com, hmac-sha1-etm@openssh.com, umac-128-etm@openssh.com, hmac-sha2-512-etm@openssh.com, hmac-sha2-256, hmac-sha1, umac-128@openssh.com, hmac-sha2-512
DEB [20251012-20:07:55.696] thr=1   paramiko.transport: server mac: hmac-sha2-256-etm@openssh.com, hmac-sha1-etm@openssh.com, umac-128-etm@openssh.com, hmac-sha2-512-etm@openssh.com, hmac-sha2-256, hmac-sha1, umac-128@openssh.com, hmac-sha2-512
DEB [20251012-20:07:55.696] thr=1   paramiko.transport: client compress: none, zlib@openssh.com
DEB [20251012-20:07:55.696] thr=1   paramiko.transport: server compress: none, zlib@openssh.com
DEB [20251012-20:07:55.696] thr=1   paramiko.transport: client lang: <none>
DEB [20251012-20:07:55.696] thr=1   paramiko.transport: server lang: <none>
DEB [20251012-20:07:55.696] thr=1   paramiko.transport: kex follows: False
DEB [20251012-20:07:55.697] thr=1   paramiko.transport: === Key exchange agreements ===
DEB [20251012-20:07:55.697] thr=1   paramiko.transport: Strict kex mode: True
DEB [20251012-20:07:55.697] thr=1   paramiko.transport: Kex: curve25519-sha256@libssh.org
DEB [20251012-20:07:55.697] thr=1   paramiko.transport: HostKey: ssh-ed25519
DEB [20251012-20:07:55.697] thr=1   paramiko.transport: Cipher: aes128-ctr
DEB [20251012-20:07:55.697] thr=1   paramiko.transport: MAC: hmac-sha2-256
DEB [20251012-20:07:55.697] thr=1   paramiko.transport: Compression: none
DEB [20251012-20:07:55.697] thr=1   paramiko.transport: === End of kex handshake ===
DEB [20251012-20:07:55.755] thr=1   paramiko.transport: Resetting outbound seqno after NEWKEYS due to strict mode
DEB [20251012-20:07:55.755] thr=1   paramiko.transport: kex engine KexCurve25519 specified hash_algo <built-in function openssl_sha256>
DEB [20251012-20:07:55.755] thr=1   paramiko.transport: Switch to new keys ...
DEB [20251012-20:07:55.755] thr=1   paramiko.transport: Resetting inbound seqno after NEWKEYS due to strict mode
DEB [20251012-20:07:55.755] thr=2   paramiko.transport: Adding ssh-ed25519 host key for 10.0.4.177: b'7a45ccbb011a7d9de42e94537644aabb'
DEB [20251012-20:07:55.756] thr=2   paramiko.transport: Trying SSH key b'39a62be910212a219b2bb2c50db12d21'
DEB [20251012-20:07:55.756] thr=1   paramiko.transport: Got EXT_INFO: {'server-sig-algs': b'ssh-ed25519,ssh-rsa,rsa-sha2-256,rsa-sha2-512,ssh-dss,ecdsa-sha2-nistp256,ecdsa-sha2-nistp384,ecdsa-sha2-nistp521'}
DEB [20251012-20:07:55.805] thr=1   paramiko.transport: userauth is OK
DEB [20251012-20:07:55.805] thr=1   paramiko.transport: Finalizing pubkey algorithm for key of type 'ssh-rsa'
DEB [20251012-20:07:55.805] thr=1   paramiko.transport: Our pubkey algorithm list: ['rsa-sha2-512', 'rsa-sha2-256', 'ssh-rsa']
DEB [20251012-20:07:55.806] thr=1   paramiko.transport: Server-side algorithm list: ['ssh-ed25519', 'ssh-rsa', 'rsa-sha2-256', 'rsa-sha2-512', 'ssh-dss', 'ecdsa-sha2-nistp256', 'ecdsa-sha2-nistp384', 'ecdsa-sha2-nistp521']
DEB [20251012-20:07:55.806] thr=1   paramiko.transport: Agreed upon 'rsa-sha2-512' pubkey algorithm
INF [20251012-20:07:55.847] thr=1   paramiko.transport: Authentication (publickey) successful!
DEB [20251012-20:07:55.848] thr=2   paramiko.transport: [chan 0] Max packet in: 32768 bytes
DEB [20251012-20:07:55.880] thr=1   paramiko.transport: Received global request "hostkeys-00@openssh.com"
DEB [20251012-20:07:55.880] thr=1   paramiko.transport: Rejecting "hostkeys-00@openssh.com" global request from server.
DEB [20251012-20:07:55.880] thr=1   paramiko.transport: Debug msg: b'/home/aboogie/.ssh/authorized_keys:2: key options: agent-forwarding port-forwarding pty user-rc x11-forwarding'
DEB [20251012-20:07:55.883] thr=1   paramiko.transport: [chan 0] Max packet out: 32768 bytes
DEB [20251012-20:07:55.883] thr=1   paramiko.transport: Secsh channel 0 opened.
DEB [20251012-20:07:55.891] thr=1   paramiko.transport: [chan 0] Sesch channel 0 request ok
DEB [20251012-20:07:57.500] thr=1   paramiko.transport: [chan 0] EOF received (0)
DEB [20251012-20:07:57.500] thr=2   paramiko.transport: [chan 0] EOF sent (0)
DEB [20251012-20:07:57.501] thr=2   paramiko.transport: [chan 1] Max packet in: 32768 bytes
DEB [20251012-20:07:57.548] thr=1   paramiko.transport: [chan 1] Max packet out: 32768 bytes
DEB [20251012-20:07:57.548] thr=1   paramiko.transport: Secsh channel 1 opened.
DEB [20251012-20:07:57.554] thr=1   paramiko.transport: [chan 1] Sesch channel 1 request ok
DEB [20251012-20:08:00.096] thr=1   paramiko.transport: [chan 1] EOF received (1)
DEB [20251012-20:08:00.096] thr=2   paramiko.transport: [chan 1] EOF sent (1)
DEB [20251012-20:08:00.096] thr=2   paramiko.transport: [chan 2] Max packet in: 32768 bytes
DEB [20251012-20:08:00.146] thr=1   paramiko.transport: [chan 2] Max packet out: 32768 bytes
DEB [20251012-20:08:00.146] thr=1   paramiko.transport: Secsh channel 2 opened.
DEB [20251012-20:08:00.153] thr=1   paramiko.transport: [chan 2] Sesch channel 2 request ok
DEB [20251012-20:08:02.970] thr=1   paramiko.transport: [chan 2] EOF received (2)
DEB [20251012-20:08:02.970] thr=2   paramiko.transport: [chan 2] EOF sent (2)
DEB [20251012-20:08:02.970] thr=2   paramiko.transport: [chan 3] Max packet in: 32768 bytes
DEB [20251012-20:08:03.017] thr=1   paramiko.transport: [chan 3] Max packet out: 32768 bytes
DEB [20251012-20:08:03.017] thr=1   paramiko.transport: Secsh channel 3 opened.
DEB [20251012-20:08:03.027] thr=1   paramiko.transport: [chan 3] Sesch channel 3 request ok
DEB [20251012-20:08:04.920] thr=1   paramiko.transport: [chan 3] EOF received (3)
DEB [20251012-20:08:04.920] thr=2   paramiko.transport: [chan 3] EOF sent (3)
DEB [20251012-20:08:04.920] thr=2   paramiko.transport: [chan 4] Max packet in: 32768 bytes
DEB [20251012-20:08:04.968] thr=1   paramiko.transport: [chan 4] Max packet out: 32768 bytes
DEB [20251012-20:08:04.968] thr=1   paramiko.transport: Secsh channel 4 opened.
DEB [20251012-20:08:04.974] thr=1   paramiko.transport: [chan 4] Sesch channel 4 request ok
DEB [20251012-20:08:07.475] thr=1   paramiko.transport: [chan 4] EOF received (4)
DEB [20251012-20:08:07.475] thr=2   paramiko.transport: [chan 4] EOF sent (4)
DEB [20251012-20:08:07.475] thr=2   paramiko.transport: [chan 5] Max packet in: 32768 bytes
DEB [20251012-20:08:07.522] thr=1   paramiko.transport: [chan 5] Max packet out: 32768 bytes
DEB [20251012-20:08:07.522] thr=1   paramiko.transport: Secsh channel 5 opened.
DEB [20251012-20:08:07.529] thr=1   paramiko.transport: [chan 5] Sesch channel 5 request ok
DEB [20251012-20:08:09.112] thr=1   paramiko.transport: [chan 5] EOF received (5)
DEB [20251012-20:08:09.112] thr=2   paramiko.transport: [chan 5] EOF sent (5)
DEB [20251012-20:08:09.112] thr=1   paramiko.transport: EOF in transport thread
DEB [20251012-20:08:09.450] thr=3   paramiko.transport: starting thread (client mode): 0x872bb60
DEB [20251012-20:08:09.450] thr=3   paramiko.transport: Local version/idstring: SSH-2.0-paramiko_3.5.1
DEB [20251012-20:08:09.483] thr=3   paramiko.transport: Remote version/idstring: SSH-2.0-OpenSSH_8.0
INF [20251012-20:08:09.483] thr=3   paramiko.transport: Connected (version 2.0, client OpenSSH_8.0)
DEB [20251012-20:08:09.491] thr=3   paramiko.transport: === Key exchange possibilities ===
DEB [20251012-20:08:09.491] thr=3   paramiko.transport: kex algos: curve25519-sha256, curve25519-sha256@libssh.org, ecdh-sha2-nistp256, ecdh-sha2-nistp384, ecdh-sha2-nistp521, diffie-hellman-group-exchange-sha256, diffie-hellman-group14-sha256, diffie-hellman-group16-sha512, diffie-hellman-group18-sha512, diffie-hellman-group-exchange-sha1, diffie-hellman-group14-sha1, kex-strict-s-v00@openssh.com
DEB [20251012-20:08:09.491] thr=3   paramiko.transport: server key: rsa-sha2-512, rsa-sha2-256, ssh-rsa, ecdsa-sha2-nistp256, ssh-ed25519
DEB [20251012-20:08:09.491] thr=3   paramiko.transport: client encrypt: aes256-gcm@openssh.com, chacha20-poly1305@openssh.com, aes256-ctr, aes256-cbc, aes128-gcm@openssh.com, aes128-ctr, aes128-cbc
DEB [20251012-20:08:09.491] thr=3   paramiko.transport: server encrypt: aes256-gcm@openssh.com, chacha20-poly1305@openssh.com, aes256-ctr, aes256-cbc, aes128-gcm@openssh.com, aes128-ctr, aes128-cbc
DEB [20251012-20:08:09.491] thr=3   paramiko.transport: client mac: hmac-sha2-256-etm@openssh.com, hmac-sha1-etm@openssh.com, umac-128-etm@openssh.com, hmac-sha2-512-etm@openssh.com, hmac-sha2-256, hmac-sha1, umac-128@openssh.com, hmac-sha2-512
DEB [20251012-20:08:09.491] thr=3   paramiko.transport: server mac: hmac-sha2-256-etm@openssh.com, hmac-sha1-etm@openssh.com, umac-128-etm@openssh.com, hmac-sha2-512-etm@openssh.com, hmac-sha2-256, hmac-sha1, umac-128@openssh.com, hmac-sha2-512
DEB [20251012-20:08:09.491] thr=3   paramiko.transport: client compress: none, zlib@openssh.com
DEB [20251012-20:08:09.491] thr=3   paramiko.transport: server compress: none, zlib@openssh.com
DEB [20251012-20:08:09.491] thr=3   paramiko.transport: client lang: <none>
DEB [20251012-20:08:09.491] thr=3   paramiko.transport: server lang: <none>
DEB [20251012-20:08:09.491] thr=3   paramiko.transport: kex follows: False
DEB [20251012-20:08:09.491] thr=3   paramiko.transport: === Key exchange agreements ===
DEB [20251012-20:08:09.491] thr=3   paramiko.transport: Strict kex mode: True
DEB [20251012-20:08:09.491] thr=3   paramiko.transport: Kex: curve25519-sha256@libssh.org
DEB [20251012-20:08:09.491] thr=3   paramiko.transport: HostKey: ssh-ed25519
DEB [20251012-20:08:09.491] thr=3   paramiko.transport: Cipher: aes128-ctr
DEB [20251012-20:08:09.491] thr=3   paramiko.transport: MAC: hmac-sha2-256
DEB [20251012-20:08:09.491] thr=3   paramiko.transport: Compression: none
DEB [20251012-20:08:09.491] thr=3   paramiko.transport: === End of kex handshake ===
DEB [20251012-20:08:09.510] thr=3   paramiko.transport: Resetting outbound seqno after NEWKEYS due to strict mode
DEB [20251012-20:08:09.510] thr=3   paramiko.transport: kex engine KexCurve25519 specified hash_algo <built-in function openssl_sha256>
DEB [20251012-20:08:09.510] thr=3   paramiko.transport: Switch to new keys ...
DEB [20251012-20:08:09.510] thr=3   paramiko.transport: Resetting inbound seqno after NEWKEYS due to strict mode
DEB [20251012-20:08:09.510] thr=2   paramiko.transport: Adding ssh-ed25519 host key for 10.0.4.10: b'10ca4a3c95856e287b0595772507a843'
DEB [20251012-20:08:09.510] thr=3   paramiko.transport: Got EXT_INFO: {'server-sig-algs': b'ssh-ed25519,ssh-rsa,rsa-sha2-256,rsa-sha2-512,ssh-dss,ecdsa-sha2-nistp256,ecdsa-sha2-nistp384,ecdsa-sha2-nistp521'}
DEB [20251012-20:08:09.510] thr=2   paramiko.transport: Trying SSH key b'39a62be910212a219b2bb2c50db12d21'
DEB [20251012-20:08:09.556] thr=3   paramiko.transport: userauth is OK
DEB [20251012-20:08:09.556] thr=3   paramiko.transport: Finalizing pubkey algorithm for key of type 'ssh-rsa'
DEB [20251012-20:08:09.556] thr=3   paramiko.transport: Our pubkey algorithm list: ['rsa-sha2-512', 'rsa-sha2-256', 'ssh-rsa']
DEB [20251012-20:08:09.556] thr=3   paramiko.transport: Server-side algorithm list: ['ssh-ed25519', 'ssh-rsa', 'rsa-sha2-256', 'rsa-sha2-512', 'ssh-dss', 'ecdsa-sha2-nistp256', 'ecdsa-sha2-nistp384', 'ecdsa-sha2-nistp521']
DEB [20251012-20:08:09.556] thr=3   paramiko.transport: Agreed upon 'rsa-sha2-512' pubkey algorithm
INF [20251012-20:08:09.602] thr=3   paramiko.transport: Authentication (publickey) successful!
DEB [20251012-20:08:09.602] thr=2   paramiko.transport: [chan 0] Max packet in: 32768 bytes
DEB [20251012-20:08:09.640] thr=3   paramiko.transport: Received global request "hostkeys-00@openssh.com"
DEB [20251012-20:08:09.640] thr=3   paramiko.transport: Rejecting "hostkeys-00@openssh.com" global request from server.
DEB [20251012-20:08:09.640] thr=3   paramiko.transport: Debug msg: b'/home/aboogie/.ssh/authorized_keys:2: key options: agent-forwarding port-forwarding pty user-rc x11-forwarding'
DEB [20251012-20:08:09.644] thr=3   paramiko.transport: [chan 0] Max packet out: 32768 bytes
DEB [20251012-20:08:09.644] thr=3   paramiko.transport: Secsh channel 0 opened.
DEB [20251012-20:08:09.653] thr=3   paramiko.transport: [chan 0] Sesch channel 0 request ok
DEB [20251012-20:08:11.859] thr=3   paramiko.transport: [chan 0] EOF received (0)
DEB [20251012-20:08:11.859] thr=2   paramiko.transport: [chan 0] EOF sent (0)
DEB [20251012-20:08:11.859] thr=2   paramiko.transport: [chan 1] Max packet in: 32768 bytes
DEB [20251012-20:08:11.908] thr=3   paramiko.transport: [chan 1] Max packet out: 32768 bytes
DEB [20251012-20:08:11.908] thr=3   paramiko.transport: Secsh channel 1 opened.
DEB [20251012-20:08:11.914] thr=3   paramiko.transport: [chan 1] Sesch channel 1 request ok
DEB [20251012-20:08:14.720] thr=3   paramiko.transport: [chan 1] EOF received (1)
DEB [20251012-20:08:14.720] thr=2   paramiko.transport: [chan 1] EOF sent (1)
DEB [20251012-20:08:14.720] thr=2   paramiko.transport: [chan 2] Max packet in: 32768 bytes
DEB [20251012-20:08:14.769] thr=3   paramiko.transport: [chan 2] Max packet out: 32768 bytes
DEB [20251012-20:08:14.769] thr=3   paramiko.transport: Secsh channel 2 opened.
DEB [20251012-20:08:14.776] thr=3   paramiko.transport: [chan 2] Sesch channel 2 request ok
DEB [20251012-20:08:16.657] thr=3   paramiko.transport: [chan 2] EOF received (2)
DEB [20251012-20:08:16.658] thr=3   paramiko.transport: [chan 2] EOF sent (2)
DEB [20251012-20:08:16.659] thr=2   paramiko.transport: [chan 3] Max packet in: 32768 bytes
DEB [20251012-20:08:16.707] thr=3   paramiko.transport: [chan 3] Max packet out: 32768 bytes
DEB [20251012-20:08:16.707] thr=3   paramiko.transport: Secsh channel 3 opened.
DEB [20251012-20:08:16.716] thr=3   paramiko.transport: [chan 3] Sesch channel 3 request ok
DEB [20251012-20:08:19.200] thr=3   paramiko.transport: [chan 3] EOF received (3)
DEB [20251012-20:08:19.201] thr=3   paramiko.transport: [chan 3] EOF sent (3)
DEB [20251012-20:08:19.204] thr=2   paramiko.transport: [chan 4] Max packet in: 32768 bytes
DEB [20251012-20:08:19.257] thr=3   paramiko.transport: [chan 4] Max packet out: 32768 bytes
DEB [20251012-20:08:19.257] thr=3   paramiko.transport: Secsh channel 4 opened.
DEB [20251012-20:08:19.267] thr=3   paramiko.transport: [chan 4] Sesch channel 4 request ok
DEB [20251012-20:08:21.499] thr=3   paramiko.transport: [chan 4] EOF received (4)
DEB [20251012-20:08:21.499] thr=3   paramiko.transport: [chan 4] EOF sent (4)
DEB [20251012-20:08:21.500] thr=2   paramiko.transport: [chan 5] Max packet in: 32768 bytes
DEB [20251012-20:08:21.553] thr=3   paramiko.transport: [chan 5] Max packet out: 32768 bytes
DEB [20251012-20:08:21.554] thr=3   paramiko.transport: Secsh channel 5 opened.
DEB [20251012-20:08:21.561] thr=3   paramiko.transport: [chan 5] Sesch channel 5 request ok
DEB [20251012-20:08:23.745] thr=3   paramiko.transport: [chan 5] EOF received (5)
DEB [20251012-20:08:23.745] thr=3   paramiko.transport: [chan 5] EOF sent (5)
DEB [20251013-04:14:09.781] thr=1   paramiko.transport: starting thread (client mode): 0x151ca40
DEB [20251013-04:14:09.781] thr=1   paramiko.transport: Local version/idstring: SSH-2.0-paramiko_3.5.1
DEB [20251013-04:14:09.816] thr=1   paramiko.transport: Remote version/idstring: SSH-2.0-OpenSSH_8.0
INF [20251013-04:14:09.816] thr=1   paramiko.transport: Connected (version 2.0, client OpenSSH_8.0)
DEB [20251013-04:14:09.825] thr=1   paramiko.transport: === Key exchange possibilities ===
DEB [20251013-04:14:09.825] thr=1   paramiko.transport: kex algos: curve25519-sha256, curve25519-sha256@libssh.org, ecdh-sha2-nistp256, ecdh-sha2-nistp384, ecdh-sha2-nistp521, diffie-hellman-group-exchange-sha256, diffie-hellman-group14-sha256, diffie-hellman-group16-sha512, diffie-hellman-group18-sha512, diffie-hellman-group-exchange-sha1, diffie-hellman-group14-sha1, kex-strict-s-v00@openssh.com
DEB [20251013-04:14:09.825] thr=1   paramiko.transport: server key: rsa-sha2-512, rsa-sha2-256, ssh-rsa, ecdsa-sha2-nistp256, ssh-ed25519
DEB [20251013-04:14:09.825] thr=1   paramiko.transport: client encrypt: aes256-gcm@openssh.com, chacha20-poly1305@openssh.com, aes256-ctr, aes256-cbc, aes128-gcm@openssh.com, aes128-ctr, aes128-cbc
DEB [20251013-04:14:09.825] thr=1   paramiko.transport: server encrypt: aes256-gcm@openssh.com, chacha20-poly1305@openssh.com, aes256-ctr, aes256-cbc, aes128-gcm@openssh.com, aes128-ctr, aes128-cbc
DEB [20251013-04:14:09.825] thr=1   paramiko.transport: client mac: hmac-sha2-256-etm@openssh.com, hmac-sha1-etm@openssh.com, umac-128-etm@openssh.com, hmac-sha2-512-etm@openssh.com, hmac-sha2-256, hmac-sha1, umac-128@openssh.com, hmac-sha2-512
DEB [20251013-04:14:09.825] thr=1   paramiko.transport: server mac: hmac-sha2-256-etm@openssh.com, hmac-sha1-etm@openssh.com, umac-128-etm@openssh.com, hmac-sha2-512-etm@openssh.com, hmac-sha2-256, hmac-sha1, umac-128@openssh.com, hmac-sha2-512
DEB [20251013-04:14:09.825] thr=1   paramiko.transport: client compress: none, zlib@openssh.com
DEB [20251013-04:14:09.825] thr=1   paramiko.transport: server compress: none, zlib@openssh.com
DEB [20251013-04:14:09.825] thr=1   paramiko.transport: client lang: <none>
DEB [20251013-04:14:09.825] thr=1   paramiko.transport: server lang: <none>
DEB [20251013-04:14:09.825] thr=1   paramiko.transport: kex follows: False
DEB [20251013-04:14:09.825] thr=1   paramiko.transport: === Key exchange agreements ===
DEB [20251013-04:14:09.825] thr=1   paramiko.transport: Strict kex mode: True
DEB [20251013-04:14:09.825] thr=1   paramiko.transport: Kex: curve25519-sha256@libssh.org
DEB [20251013-04:14:09.825] thr=1   paramiko.transport: HostKey: ssh-ed25519
DEB [20251013-04:14:09.825] thr=1   paramiko.transport: Cipher: aes128-ctr
DEB [20251013-04:14:09.825] thr=1   paramiko.transport: MAC: hmac-sha2-256
DEB [20251013-04:14:09.825] thr=1   paramiko.transport: Compression: none
DEB [20251013-04:14:09.825] thr=1   paramiko.transport: === End of kex handshake ===
DEB [20251013-04:14:09.842] thr=1   paramiko.transport: Resetting outbound seqno after NEWKEYS due to strict mode
DEB [20251013-04:14:09.843] thr=1   paramiko.transport: kex engine KexCurve25519 specified hash_algo <built-in function openssl_sha256>
DEB [20251013-04:14:09.843] thr=1   paramiko.transport: Switch to new keys ...
DEB [20251013-04:14:09.843] thr=1   paramiko.transport: Resetting inbound seqno after NEWKEYS due to strict mode
DEB [20251013-04:14:09.843] thr=2   paramiko.transport: Adding ssh-ed25519 host key for 10.0.4.10: b'10ca4a3c95856e287b0595772507a843'
DEB [20251013-04:14:09.843] thr=1   paramiko.transport: Got EXT_INFO: {'server-sig-algs': b'ssh-ed25519,ssh-rsa,rsa-sha2-256,rsa-sha2-512,ssh-dss,ecdsa-sha2-nistp256,ecdsa-sha2-nistp384,ecdsa-sha2-nistp521'}
DEB [20251013-04:14:09.843] thr=2   paramiko.transport: Trying SSH key b'39a62be910212a219b2bb2c50db12d21'
DEB [20251013-04:14:09.890] thr=1   paramiko.transport: userauth is OK
DEB [20251013-04:14:09.890] thr=1   paramiko.transport: Finalizing pubkey algorithm for key of type 'ssh-rsa'
DEB [20251013-04:14:09.890] thr=1   paramiko.transport: Our pubkey algorithm list: ['rsa-sha2-512', 'rsa-sha2-256', 'ssh-rsa']
DEB [20251013-04:14:09.890] thr=1   paramiko.transport: Server-side algorithm list: ['ssh-ed25519', 'ssh-rsa', 'rsa-sha2-256', 'rsa-sha2-512', 'ssh-dss', 'ecdsa-sha2-nistp256', 'ecdsa-sha2-nistp384', 'ecdsa-sha2-nistp521']
DEB [20251013-04:14:09.890] thr=1   paramiko.transport: Agreed upon 'rsa-sha2-512' pubkey algorithm
INF [20251013-04:14:09.936] thr=1   paramiko.transport: Authentication (publickey) successful!
